ISO-10303-21;
HEADER;
/* Generated by software containing ST-Developer
 * from STEP Tools, Inc. (www.steptools.com) 
 */

FILE_DESCRIPTION(
/* description */ ('bh1750'),
/* implementation_level */ '2;1');

FILE_NAME(
/* name */ 'G:\\Project\\3D_Model\\bh1750\\bh1750.stp',
/* time_stamp */ '2017-06-09T00:51:38+03:00',
/* author */ ('VoJak'),
/* organization */ (''),
/* preprocessor_version */ 'ST-DEVELOPER v16.1',
/* originating_system */ 'Autodesk Inventor 2016',
/* authorisation */ '');

FILE_SCHEMA (('AUTOMOTIVE_DESIGN { 1 0 10303 214 3 1 1 }'));
ENDSEC;

DATA;
#10=MECHANICAL_DESIGN_GEOMETRIC_PRESENTATION_REPRESENTATION('',(#2376,#2377,
#2378,#2379,#2380,#2381,#2382,#2383,#2384,#2389,#2385,#2386,#2387,#2388,
#2390,#2391,#2392,#2393,#2394,#2395,#2396,#2397,#2398,#2399,#2400,#2401,
#2402,#2403,#2404,#2405,#2406,#2407,#2408,#2409,#2410,#2411,#2412,#2413,
#2414,#2415,#2416,#2417,#2418,#2419,#2420,#2421,#2422,#2423,#2424,#2425,
#2426,#2427,#2428,#2429,#2430,#2431,#2432),#4446);
#11=SHAPE_REPRESENTATION_RELATIONSHIP('SRR','None',#4455,#12);
#12=ADVANCED_BREP_SHAPE_REPRESENTATION('',(#13),#4445);
#13=MANIFOLD_SOLID_BREP('\X2\04220432043504400434043E0435\X0\ \X2\0442
0435043B043E\X0\2',#2572);
#14=B_SPLINE_SURFACE_WITH_KNOTS('',2,1,((#3571,#3572),(#3573,#3574),(#3575,
#3576),(#3577,#3578)),.UNSPECIFIED.,.F.,.F.,.F.,(3,1,3),(2,2),(-2.,-1.,
0.),(0.,0.0145),.UNSPECIFIED.);
#15=B_SPLINE_SURFACE_WITH_KNOTS('',2,1,((#3593,#3594),(#3595,#3596),(#3597,
#3598),(#3599,#3600)),.UNSPECIFIED.,.F.,.F.,.F.,(3,1,3),(2,2),(-2.,-1.,
0.),(0.,0.0145),.UNSPECIFIED.);
#16=B_SPLINE_SURFACE_WITH_KNOTS('',2,1,((#3612,#3613),(#3614,#3615),(#3616,
#3617),(#3618,#3619)),.UNSPECIFIED.,.F.,.F.,.F.,(3,1,3),(2,2),(-2.,-1.,
0.),(0.,0.0145),.UNSPECIFIED.);
#17=B_SPLINE_SURFACE_WITH_KNOTS('',2,1,((#3631,#3632),(#3633,#3634),(#3635,
#3636),(#3637,#3638)),.UNSPECIFIED.,.F.,.F.,.F.,(3,1,3),(2,2),(-2.,-1.,
0.),(0.,0.0145),.UNSPECIFIED.);
#18=B_SPLINE_SURFACE_WITH_KNOTS('',2,1,((#3650,#3651),(#3652,#3653),(#3654,
#3655),(#3656,#3657)),.UNSPECIFIED.,.F.,.F.,.F.,(3,1,3),(2,2),(-2.,-1.,
0.),(0.,0.0145),.UNSPECIFIED.);
#19=B_SPLINE_SURFACE_WITH_KNOTS('',2,1,((#3669,#3670),(#3671,#3672),(#3673,
#3674),(#3675,#3676)),.UNSPECIFIED.,.F.,.F.,.F.,(3,1,3),(2,2),(-2.,-1.,
0.),(0.,0.0145),.UNSPECIFIED.);
#20=B_SPLINE_SURFACE_WITH_KNOTS('',2,1,((#3688,#3689),(#3690,#3691),(#3692,
#3693),(#3694,#3695)),.UNSPECIFIED.,.F.,.F.,.F.,(3,1,3),(2,2),(-2.,-1.,
0.),(0.,0.0145),.UNSPECIFIED.);
#21=B_SPLINE_SURFACE_WITH_KNOTS('',2,1,((#3707,#3708),(#3709,#3710),(#3711,
#3712),(#3713,#3714)),.UNSPECIFIED.,.F.,.F.,.F.,(3,1,3),(2,2),(-2.,-1.,
0.),(0.,0.0145),.UNSPECIFIED.);
#22=B_SPLINE_SURFACE_WITH_KNOTS('',2,1,((#3723,#3724),(#3725,#3726),(#3727,
#3728),(#3729,#3730)),.UNSPECIFIED.,.F.,.F.,.F.,(3,1,3),(2,2),(0.,1.,2.),
(0.,0.0145),.UNSPECIFIED.);
#23=B_SPLINE_SURFACE_WITH_KNOTS('',2,1,((#3739,#3740),(#3741,#3742),(#3743,
#3744),(#3745,#3746)),.UNSPECIFIED.,.F.,.F.,.F.,(3,1,3),(2,2),(0.,1.,2.),
(0.,0.0145),.UNSPECIFIED.);
#24=B_SPLINE_SURFACE_WITH_KNOTS('',2,1,((#3753,#3754),(#3755,#3756),(#3757,
#3758),(#3759,#3760)),.UNSPECIFIED.,.F.,.F.,.F.,(3,1,3),(2,2),(0.,1.,2.),
(0.,0.0145),.UNSPECIFIED.);
#25=B_SPLINE_SURFACE_WITH_KNOTS('',2,1,((#3767,#3768),(#3769,#3770),(#3771,
#3772),(#3773,#3774)),.UNSPECIFIED.,.F.,.F.,.F.,(3,1,3),(2,2),(0.,1.,2.),
(0.,0.0145),.UNSPECIFIED.);
#26=B_SPLINE_SURFACE_WITH_KNOTS('',2,1,((#3815,#3816),(#3817,#3818),(#3819,
#3820),(#3821,#3822)),.UNSPECIFIED.,.F.,.F.,.F.,(3,1,3),(2,2),(0.,1.,2.),
(0.,0.0145),.UNSPECIFIED.);
#27=B_SPLINE_SURFACE_WITH_KNOTS('',2,1,((#3829,#3830),(#3831,#3832),(#3833,
#3834),(#3835,#3836)),.UNSPECIFIED.,.F.,.F.,.F.,(3,1,3),(2,2),(0.,1.,2.),
(0.,0.0145),.UNSPECIFIED.);
#28=B_SPLINE_SURFACE_WITH_KNOTS('',2,1,((#3863,#3864),(#3865,#3866),(#3867,
#3868),(#3869,#3870)),.UNSPECIFIED.,.F.,.F.,.F.,(3,1,3),(2,2),(0.,1.,2.),
(0.,0.0145),.UNSPECIFIED.);
#29=B_SPLINE_SURFACE_WITH_KNOTS('',2,1,((#3877,#3878),(#3879,#3880),(#3881,
#3882),(#3883,#3884)),.UNSPECIFIED.,.F.,.F.,.F.,(3,1,3),(2,2),(0.,1.,2.),
(0.,0.0145),.UNSPECIFIED.);
#30=B_SPLINE_SURFACE_WITH_KNOTS('',2,1,((#3891,#3892),(#3893,#3894),(#3895,
#3896),(#3897,#3898)),.UNSPECIFIED.,.F.,.F.,.F.,(3,1,3),(2,2),(0.,1.,2.),
(0.,0.0145),.UNSPECIFIED.);
#31=B_SPLINE_SURFACE_WITH_KNOTS('',2,1,((#3912,#3913),(#3914,#3915),(#3916,
#3917),(#3918,#3919)),.UNSPECIFIED.,.F.,.F.,.F.,(3,1,3),(2,2),(-2.,-1.,
0.),(0.,0.0145),.UNSPECIFIED.);
#32=B_SPLINE_SURFACE_WITH_KNOTS('',2,1,((#3940,#3941),(#3942,#3943),(#3944,
#3945),(#3946,#3947)),.UNSPECIFIED.,.F.,.F.,.F.,(3,1,3),(2,2),(-2.,-1.,
0.),(0.,0.0145),.UNSPECIFIED.);
#33=B_SPLINE_SURFACE_WITH_KNOTS('',2,1,((#3959,#3960),(#3961,#3962),(#3963,
#3964),(#3965,#3966)),.UNSPECIFIED.,.F.,.F.,.F.,(3,1,3),(2,2),(-2.,-1.,
0.),(0.,0.0145),.UNSPECIFIED.);
#34=B_SPLINE_SURFACE_WITH_KNOTS('',2,1,((#3978,#3979),(#3980,#3981),(#3982,
#3983),(#3984,#3985)),.UNSPECIFIED.,.F.,.F.,.F.,(3,1,3),(2,2),(-2.,-1.,
0.),(0.,0.0145),.UNSPECIFIED.);
#35=B_SPLINE_SURFACE_WITH_KNOTS('',2,1,((#3994,#3995),(#3996,#3997),(#3998,
#3999),(#4000,#4001)),.UNSPECIFIED.,.F.,.F.,.F.,(3,1,3),(2,2),(0.,1.,2.),
(0.,0.0145),.UNSPECIFIED.);
#36=B_SPLINE_SURFACE_WITH_KNOTS('',2,1,((#4010,#4011),(#4012,#4013),(#4014,
#4015),(#4016,#4017)),.UNSPECIFIED.,.F.,.F.,.F.,(3,1,3),(2,2),(0.,1.,2.),
(0.,0.0145),.UNSPECIFIED.);
#37=B_SPLINE_SURFACE_WITH_KNOTS('',2,1,((#4044,#4045),(#4046,#4047),(#4048,
#4049),(#4050,#4051)),.UNSPECIFIED.,.F.,.F.,.F.,(3,1,3),(2,2),(0.,1.,2.),
(0.,0.0145),.UNSPECIFIED.);
#38=B_SPLINE_SURFACE_WITH_KNOTS('',2,1,((#4058,#4059),(#4060,#4061),(#4062,
#4063),(#4064,#4065)),.UNSPECIFIED.,.F.,.F.,.F.,(3,1,3),(2,2),(0.,1.,2.),
(0.,0.0145),.UNSPECIFIED.);
#39=B_SPLINE_SURFACE_WITH_KNOTS('',2,1,((#4089,#4090),(#4091,#4092),(#4093,
#4094),(#4095,#4096)),.UNSPECIFIED.,.F.,.F.,.F.,(3,1,3),(2,2),(0.,1.,2.),
(0.,0.0145),.UNSPECIFIED.);
#40=B_SPLINE_SURFACE_WITH_KNOTS('',2,1,((#4126,#4127),(#4128,#4129),(#4130,
#4131),(#4132,#4133)),.UNSPECIFIED.,.F.,.F.,.F.,(3,1,3),(2,2),(0.,1.,2.),
(0.,0.0145),.UNSPECIFIED.);
#41=B_SPLINE_SURFACE_WITH_KNOTS('',2,1,((#4142,#4143),(#4144,#4145),(#4146,
#4147),(#4148,#4149)),.UNSPECIFIED.,.F.,.F.,.F.,(3,1,3),(2,2),(0.,1.,2.),
(0.,0.0145),.UNSPECIFIED.);
#42=B_SPLINE_SURFACE_WITH_KNOTS('',2,1,((#4156,#4157),(#4158,#4159),(#4160,
#4161),(#4162,#4163)),.UNSPECIFIED.,.F.,.F.,.F.,(3,1,3),(2,2),(0.,1.,2.),
(0.,0.0145),.UNSPECIFIED.);
#43=B_SPLINE_SURFACE_WITH_KNOTS('',2,1,((#4190,#4191),(#4192,#4193),(#4194,
#4195),(#4196,#4197)),.UNSPECIFIED.,.F.,.F.,.F.,(3,1,3),(2,2),(0.,1.,2.),
(0.,0.0145),.UNSPECIFIED.);
#44=B_SPLINE_SURFACE_WITH_KNOTS('',2,1,((#4204,#4205),(#4206,#4207),(#4208,
#4209),(#4210,#4211)),.UNSPECIFIED.,.F.,.F.,.F.,(3,1,3),(2,2),(0.,1.,2.),
(0.,0.0145),.UNSPECIFIED.);
#45=B_SPLINE_SURFACE_WITH_KNOTS('',2,1,((#4218,#4219),(#4220,#4221),(#4222,
#4223),(#4224,#4225)),.UNSPECIFIED.,.F.,.F.,.F.,(3,1,3),(2,2),(0.,1.,2.),
(0.,0.0145),.UNSPECIFIED.);
#46=B_SPLINE_SURFACE_WITH_KNOTS('',2,1,((#4232,#4233),(#4234,#4235),(#4236,
#4237),(#4238,#4239)),.UNSPECIFIED.,.F.,.F.,.F.,(3,1,3),(2,2),(0.,1.,2.),
(0.,0.0145),.UNSPECIFIED.);
#47=B_SPLINE_SURFACE_WITH_KNOTS('',2,1,((#4246,#4247),(#4248,#4249),(#4250,
#4251),(#4252,#4253)),.UNSPECIFIED.,.F.,.F.,.F.,(3,1,3),(2,2),(0.,1.,2.),
(0.,0.0145),.UNSPECIFIED.);
#48=B_SPLINE_SURFACE_WITH_KNOTS('',2,1,((#4260,#4261),(#4262,#4263),(#4264,
#4265),(#4266,#4267)),.UNSPECIFIED.,.F.,.F.,.F.,(3,1,3),(2,2),(0.,1.,2.),
(0.,0.0145),.UNSPECIFIED.);
#49=B_SPLINE_SURFACE_WITH_KNOTS('',2,1,((#4274,#4275),(#4276,#4277),(#4278,
#4279),(#4280,#4281)),.UNSPECIFIED.,.F.,.F.,.F.,(3,1,3),(2,2),(0.,1.,2.),
(0.,0.0145),.UNSPECIFIED.);
#50=B_SPLINE_SURFACE_WITH_KNOTS('',2,1,((#4296,#4297),(#4298,#4299),(#4300,
#4301),(#4302,#4303)),.UNSPECIFIED.,.F.,.F.,.F.,(3,1,3),(2,2),(0.,1.,2.),
(0.,0.0145),.UNSPECIFIED.);
#51=B_SPLINE_SURFACE_WITH_KNOTS('',2,1,((#4310,#4311),(#4312,#4313),(#4314,
#4315),(#4316,#4317)),.UNSPECIFIED.,.F.,.F.,.F.,(3,1,3),(2,2),(0.,1.,2.),
(0.,0.0145),.UNSPECIFIED.);
#52=B_SPLINE_SURFACE_WITH_KNOTS('',2,1,((#4324,#4325),(#4326,#4327),(#4328,
#4329),(#4330,#4331)),.UNSPECIFIED.,.F.,.F.,.F.,(3,1,3),(2,2),(0.,1.,2.),
(0.,0.0145),.UNSPECIFIED.);
#53=B_SPLINE_CURVE_WITH_KNOTS('',2,(#3364,#3365,#3366,#3367),
 .UNSPECIFIED.,.F.,.F.,(3,1,3),(0.,1.,2.),.UNSPECIFIED.);
#54=B_SPLINE_CURVE_WITH_KNOTS('',2,(#3369,#3370,#3371,#3372),
 .UNSPECIFIED.,.F.,.F.,(3,1,3),(0.,1.,2.),.UNSPECIFIED.);
#55=B_SPLINE_CURVE_WITH_KNOTS('',2,(#3374,#3375,#3376,#3377),
 .UNSPECIFIED.,.F.,.F.,(3,1,3),(0.,1.,2.),.UNSPECIFIED.);
#56=B_SPLINE_CURVE_WITH_KNOTS('',2,(#3379,#3380,#3381,#3382),
 .UNSPECIFIED.,.F.,.F.,(3,1,3),(0.,1.,2.),.UNSPECIFIED.);
#57=B_SPLINE_CURVE_WITH_KNOTS('',2,(#3388,#3389,#3390,#3391),
 .UNSPECIFIED.,.F.,.F.,(3,1,3),(0.,1.,2.),.UNSPECIFIED.);
#58=B_SPLINE_CURVE_WITH_KNOTS('',2,(#3393,#3394,#3395,#3396),
 .UNSPECIFIED.,.F.,.F.,(3,1,3),(0.,1.,2.),.UNSPECIFIED.);
#59=B_SPLINE_CURVE_WITH_KNOTS('',2,(#3398,#3399,#3400,#3401),
 .UNSPECIFIED.,.F.,.F.,(3,1,3),(0.,1.,2.),.UNSPECIFIED.);
#60=B_SPLINE_CURVE_WITH_KNOTS('',2,(#3403,#3404,#3405,#3406),
 .UNSPECIFIED.,.F.,.F.,(3,1,3),(0.,1.,2.),.UNSPECIFIED.);
#61=B_SPLINE_CURVE_WITH_KNOTS('',2,(#3408,#3409,#3410,#3411),
 .UNSPECIFIED.,.F.,.F.,(3,1,3),(0.,1.,2.),.UNSPECIFIED.);
#62=B_SPLINE_CURVE_WITH_KNOTS('',2,(#3413,#3414,#3415,#3416),
 .UNSPECIFIED.,.F.,.F.,(3,1,3),(0.,1.,2.),.UNSPECIFIED.);
#63=B_SPLINE_CURVE_WITH_KNOTS('',2,(#3418,#3419,#3420,#3421),
 .UNSPECIFIED.,.F.,.F.,(3,1,3),(0.,1.,2.),.UNSPECIFIED.);
#64=B_SPLINE_CURVE_WITH_KNOTS('',2,(#3433,#3434,#3435,#3436),
 .UNSPECIFIED.,.F.,.F.,(3,1,3),(0.,1.,2.),.UNSPECIFIED.);
#65=B_SPLINE_CURVE_WITH_KNOTS('',2,(#3437,#3438,#3439,#3440),
 .UNSPECIFIED.,.F.,.F.,(3,1,3),(0.,1.,2.),.UNSPECIFIED.);
#66=B_SPLINE_CURVE_WITH_KNOTS('',2,(#3457,#3458,#3459,#3460),
 .UNSPECIFIED.,.F.,.F.,(3,1,3),(0.,1.,2.),.UNSPECIFIED.);
#67=B_SPLINE_CURVE_WITH_KNOTS('',2,(#3468,#3469,#3470,#3471),
 .UNSPECIFIED.,.F.,.F.,(3,1,3),(0.,1.,2.),.UNSPECIFIED.);
#68=B_SPLINE_CURVE_WITH_KNOTS('',2,(#3473,#3474,#3475,#3476),
 .UNSPECIFIED.,.F.,.F.,(3,1,3),(0.,1.,2.),.UNSPECIFIED.);
#69=B_SPLINE_CURVE_WITH_KNOTS('',2,(#3478,#3479,#3480,#3481),
 .UNSPECIFIED.,.F.,.F.,(3,1,3),(0.,1.,2.),.UNSPECIFIED.);
#70=B_SPLINE_CURVE_WITH_KNOTS('',2,(#3492,#3493,#3494,#3495),
 .UNSPECIFIED.,.F.,.F.,(3,1,3),(0.,1.,2.),.UNSPECIFIED.);
#71=B_SPLINE_CURVE_WITH_KNOTS('',2,(#3504,#3505,#3506,#3507),
 .UNSPECIFIED.,.F.,.F.,(3,1,3),(0.,1.,2.),.UNSPECIFIED.);
#72=B_SPLINE_CURVE_WITH_KNOTS('',2,(#3509,#3510,#3511,#3512),
 .UNSPECIFIED.,.F.,.F.,(3,1,3),(0.,1.,2.),.UNSPECIFIED.);
#73=B_SPLINE_CURVE_WITH_KNOTS('',2,(#3514,#3515,#3516,#3517),
 .UNSPECIFIED.,.F.,.F.,(3,1,3),(0.,1.,2.),.UNSPECIFIED.);
#74=B_SPLINE_CURVE_WITH_KNOTS('',2,(#3529,#3530,#3531,#3532),
 .UNSPECIFIED.,.F.,.F.,(3,1,3),(0.,1.,2.),.UNSPECIFIED.);
#75=B_SPLINE_CURVE_WITH_KNOTS('',2,(#3533,#3534,#3535,#3536),
 .UNSPECIFIED.,.F.,.F.,(3,1,3),(0.,1.,2.),.UNSPECIFIED.);
#76=B_SPLINE_CURVE_WITH_KNOTS('',2,(#3553,#3554,#3555,#3556),
 .UNSPECIFIED.,.F.,.F.,(3,1,3),(0.,1.,2.),.UNSPECIFIED.);
#77=B_SPLINE_CURVE_WITH_KNOTS('',2,(#3558,#3559,#3560,#3561),
 .UNSPECIFIED.,.F.,.F.,(3,1,3),(0.,1.,2.),.UNSPECIFIED.);
#78=B_SPLINE_CURVE_WITH_KNOTS('',2,(#3563,#3564,#3565,#3566),
 .UNSPECIFIED.,.F.,.F.,(3,1,3),(0.,1.,2.),.UNSPECIFIED.);
#79=B_SPLINE_CURVE_WITH_KNOTS('',2,(#3567,#3568,#3569,#3570),
 .UNSPECIFIED.,.F.,.F.,(3,1,3),(0.,1.,2.),.UNSPECIFIED.);
#80=B_SPLINE_CURVE_WITH_KNOTS('',2,(#3581,#3582,#3583,#3584),
 .UNSPECIFIED.,.F.,.F.,(3,1,3),(0.,1.,2.),.UNSPECIFIED.);
#81=B_SPLINE_CURVE_WITH_KNOTS('',2,(#3588,#3589,#3590,#3591),
 .UNSPECIFIED.,.F.,.F.,(3,1,3),(0.,1.,2.),.UNSPECIFIED.);
#82=B_SPLINE_CURVE_WITH_KNOTS('',2,(#3602,#3603,#3604,#3605),
 .UNSPECIFIED.,.F.,.F.,(3,1,3),(0.,1.,2.),.UNSPECIFIED.);
#83=B_SPLINE_CURVE_WITH_KNOTS('',2,(#3607,#3608,#3609,#3610),
 .UNSPECIFIED.,.F.,.F.,(3,1,3),(0.,1.,2.),.UNSPECIFIED.);
#84=B_SPLINE_CURVE_WITH_KNOTS('',2,(#3621,#3622,#3623,#3624),
 .UNSPECIFIED.,.F.,.F.,(3,1,3),(0.,1.,2.),.UNSPECIFIED.);
#85=B_SPLINE_CURVE_WITH_KNOTS('',2,(#3626,#3627,#3628,#3629),
 .UNSPECIFIED.,.F.,.F.,(3,1,3),(0.,1.,2.),.UNSPECIFIED.);
#86=B_SPLINE_CURVE_WITH_KNOTS('',2,(#3640,#3641,#3642,#3643),
 .UNSPECIFIED.,.F.,.F.,(3,1,3),(0.,1.,2.),.UNSPECIFIED.);
#87=B_SPLINE_CURVE_WITH_KNOTS('',2,(#3645,#3646,#3647,#3648),
 .UNSPECIFIED.,.F.,.F.,(3,1,3),(0.,1.,2.),.UNSPECIFIED.);
#88=B_SPLINE_CURVE_WITH_KNOTS('',2,(#3659,#3660,#3661,#3662),
 .UNSPECIFIED.,.F.,.F.,(3,1,3),(0.,1.,2.),.UNSPECIFIED.);
#89=B_SPLINE_CURVE_WITH_KNOTS('',2,(#3664,#3665,#3666,#3667),
 .UNSPECIFIED.,.F.,.F.,(3,1,3),(0.,1.,2.),.UNSPECIFIED.);
#90=B_SPLINE_CURVE_WITH_KNOTS('',2,(#3678,#3679,#3680,#3681),
 .UNSPECIFIED.,.F.,.F.,(3,1,3),(0.,1.,2.),.UNSPECIFIED.);
#91=B_SPLINE_CURVE_WITH_KNOTS('',2,(#3683,#3684,#3685,#3686),
 .UNSPECIFIED.,.F.,.F.,(3,1,3),(0.,1.,2.),.UNSPECIFIED.);
#92=B_SPLINE_CURVE_WITH_KNOTS('',2,(#3697,#3698,#3699,#3700),
 .UNSPECIFIED.,.F.,.F.,(3,1,3),(0.,1.,2.),.UNSPECIFIED.);
#93=B_SPLINE_CURVE_WITH_KNOTS('',2,(#3702,#3703,#3704,#3705),
 .UNSPECIFIED.,.F.,.F.,(3,1,3),(0.,1.,2.),.UNSPECIFIED.);
#94=B_SPLINE_CURVE_WITH_KNOTS('',2,(#3715,#3716,#3717,#3718),
 .UNSPECIFIED.,.F.,.F.,(3,1,3),(0.,1.,2.),.UNSPECIFIED.);
#95=B_SPLINE_CURVE_WITH_KNOTS('',2,(#3719,#3720,#3721,#3722),
 .UNSPECIFIED.,.F.,.F.,(3,1,3),(0.,1.,2.),.UNSPECIFIED.);
#96=B_SPLINE_CURVE_WITH_KNOTS('',2,(#3734,#3735,#3736,#3737),
 .UNSPECIFIED.,.F.,.F.,(3,1,3),(0.,1.,2.),.UNSPECIFIED.);
#97=B_SPLINE_CURVE_WITH_KNOTS('',2,(#3749,#3750,#3751,#3752),
 .UNSPECIFIED.,.F.,.F.,(3,1,3),(0.,1.,2.),.UNSPECIFIED.);
#98=B_SPLINE_CURVE_WITH_KNOTS('',2,(#3763,#3764,#3765,#3766),
 .UNSPECIFIED.,.F.,.F.,(3,1,3),(0.,1.,2.),.UNSPECIFIED.);
#99=B_SPLINE_CURVE_WITH_KNOTS('',2,(#3775,#3776,#3777,#3778),
 .UNSPECIFIED.,.F.,.F.,(3,1,3),(0.,1.,2.),.UNSPECIFIED.);
#100=B_SPLINE_CURVE_WITH_KNOTS('',2,(#3825,#3826,#3827,#3828),
 .UNSPECIFIED.,.F.,.F.,(3,1,3),(0.,1.,2.),.UNSPECIFIED.);
#101=B_SPLINE_CURVE_WITH_KNOTS('',2,(#3839,#3840,#3841,#3842),
 .UNSPECIFIED.,.F.,.F.,(3,1,3),(0.,1.,2.),.UNSPECIFIED.);
#102=B_SPLINE_CURVE_WITH_KNOTS('',2,(#3873,#3874,#3875,#3876),
 .UNSPECIFIED.,.F.,.F.,(3,1,3),(0.,1.,2.),.UNSPECIFIED.);
#103=B_SPLINE_CURVE_WITH_KNOTS('',2,(#3887,#3888,#3889,#3890),
 .UNSPECIFIED.,.F.,.F.,(3,1,3),(0.,1.,2.),.UNSPECIFIED.);
#104=B_SPLINE_CURVE_WITH_KNOTS('',2,(#3901,#3902,#3903,#3904),
 .UNSPECIFIED.,.F.,.F.,(3,1,3),(0.,1.,2.),.UNSPECIFIED.);
#105=B_SPLINE_CURVE_WITH_KNOTS('',2,(#3922,#3923,#3924,#3925),
 .UNSPECIFIED.,.F.,.F.,(3,1,3),(0.,1.,2.),.UNSPECIFIED.);
#106=B_SPLINE_CURVE_WITH_KNOTS('',2,(#3929,#3930,#3931,#3932),
 .UNSPECIFIED.,.F.,.F.,(3,1,3),(0.,1.,2.),.UNSPECIFIED.);
#107=B_SPLINE_CURVE_WITH_KNOTS('',2,(#3949,#3950,#3951,#3952),
 .UNSPECIFIED.,.F.,.F.,(3,1,3),(0.,1.,2.),.UNSPECIFIED.);
#108=B_SPLINE_CURVE_WITH_KNOTS('',2,(#3954,#3955,#3956,#3957),
 .UNSPECIFIED.,.F.,.F.,(3,1,3),(0.,1.,2.),.UNSPECIFIED.);
#109=B_SPLINE_CURVE_WITH_KNOTS('',2,(#3968,#3969,#3970,#3971),
 .UNSPECIFIED.,.F.,.F.,(3,1,3),(0.,1.,2.),.UNSPECIFIED.);
#110=B_SPLINE_CURVE_WITH_KNOTS('',2,(#3973,#3974,#3975,#3976),
 .UNSPECIFIED.,.F.,.F.,(3,1,3),(0.,1.,2.),.UNSPECIFIED.);
#111=B_SPLINE_CURVE_WITH_KNOTS('',2,(#3986,#3987,#3988,#3989),
 .UNSPECIFIED.,.F.,.F.,(3,1,3),(0.,1.,2.),.UNSPECIFIED.);
#112=B_SPLINE_CURVE_WITH_KNOTS('',2,(#3990,#3991,#3992,#3993),
 .UNSPECIFIED.,.F.,.F.,(3,1,3),(0.,1.,2.),.UNSPECIFIED.);
#113=B_SPLINE_CURVE_WITH_KNOTS('',2,(#4005,#4006,#4007,#4008),
 .UNSPECIFIED.,.F.,.F.,(3,1,3),(0.,1.,2.),.UNSPECIFIED.);
#114=B_SPLINE_CURVE_WITH_KNOTS('',2,(#4020,#4021,#4022,#4023),
 .UNSPECIFIED.,.F.,.F.,(3,1,3),(0.,1.,2.),.UNSPECIFIED.);
#115=B_SPLINE_CURVE_WITH_KNOTS('',2,(#4054,#4055,#4056,#4057),
 .UNSPECIFIED.,.F.,.F.,(3,1,3),(0.,1.,2.),.UNSPECIFIED.);
#116=B_SPLINE_CURVE_WITH_KNOTS('',2,(#4066,#4067,#4068,#4069),
 .UNSPECIFIED.,.F.,.F.,(3,1,3),(0.,1.,2.),.UNSPECIFIED.);
#117=B_SPLINE_CURVE_WITH_KNOTS('',2,(#4099,#4100,#4101,#4102),
 .UNSPECIFIED.,.F.,.F.,(3,1,3),(0.,1.,2.),.UNSPECIFIED.);
#118=B_SPLINE_CURVE_WITH_KNOTS('',2,(#4137,#4138,#4139,#4140),
 .UNSPECIFIED.,.F.,.F.,(3,1,3),(0.,1.,2.),.UNSPECIFIED.);
#119=B_SPLINE_CURVE_WITH_KNOTS('',2,(#4152,#4153,#4154,#4155),
 .UNSPECIFIED.,.F.,.F.,(3,1,3),(0.,1.,2.),.UNSPECIFIED.);
#120=B_SPLINE_CURVE_WITH_KNOTS('',2,(#4166,#4167,#4168,#4169),
 .UNSPECIFIED.,.F.,.F.,(3,1,3),(0.,1.,2.),.UNSPECIFIED.);
#121=B_SPLINE_CURVE_WITH_KNOTS('',2,(#4200,#4201,#4202,#4203),
 .UNSPECIFIED.,.F.,.F.,(3,1,3),(0.,1.,2.),.UNSPECIFIED.);
#122=B_SPLINE_CURVE_WITH_KNOTS('',2,(#4214,#4215,#4216,#4217),
 .UNSPECIFIED.,.F.,.F.,(3,1,3),(0.,1.,2.),.UNSPECIFIED.);
#123=B_SPLINE_CURVE_WITH_KNOTS('',2,(#4228,#4229,#4230,#4231),
 .UNSPECIFIED.,.F.,.F.,(3,1,3),(0.,1.,2.),.UNSPECIFIED.);
#124=B_SPLINE_CURVE_WITH_KNOTS('',2,(#4242,#4243,#4244,#4245),
 .UNSPECIFIED.,.F.,.F.,(3,1,3),(0.,1.,2.),.UNSPECIFIED.);
#125=B_SPLINE_CURVE_WITH_KNOTS('',2,(#4256,#4257,#4258,#4259),
 .UNSPECIFIED.,.F.,.F.,(3,1,3),(0.,1.,2.),.UNSPECIFIED.);
#126=B_SPLINE_CURVE_WITH_KNOTS('',2,(#4270,#4271,#4272,#4273),
 .UNSPECIFIED.,.F.,.F.,(3,1,3),(0.,1.,2.),.UNSPECIFIED.);
#127=B_SPLINE_CURVE_WITH_KNOTS('',2,(#4284,#4285,#4286,#4287),
 .UNSPECIFIED.,.F.,.F.,(3,1,3),(0.,1.,2.),.UNSPECIFIED.);
#128=B_SPLINE_CURVE_WITH_KNOTS('',2,(#4306,#4307,#4308,#4309),
 .UNSPECIFIED.,.F.,.F.,(3,1,3),(0.,1.,2.),.UNSPECIFIED.);
#129=B_SPLINE_CURVE_WITH_KNOTS('',2,(#4320,#4321,#4322,#4323),
 .UNSPECIFIED.,.F.,.F.,(3,1,3),(0.,1.,2.),.UNSPECIFIED.);
#130=B_SPLINE_CURVE_WITH_KNOTS('',2,(#4332,#4333,#4334,#4335),
 .UNSPECIFIED.,.F.,.F.,(3,1,3),(0.,1.,2.),.UNSPECIFIED.);
#131=FACE_BOUND('',#919,.T.);
#132=FACE_BOUND('',#920,.T.);
#133=FACE_BOUND('',#921,.T.);
#134=FACE_BOUND('',#922,.T.);
#135=FACE_BOUND('',#923,.T.);
#136=FACE_BOUND('',#924,.T.);
#137=FACE_BOUND('',#925,.T.);
#138=FACE_BOUND('',#939,.T.);
#139=FACE_BOUND('',#977,.T.);
#140=FACE_BOUND('',#1013,.T.);
#141=PLANE('',#2608);
#142=PLANE('',#2609);
#143=PLANE('',#2610);
#144=PLANE('',#2611);
#145=PLANE('',#2612);
#146=PLANE('',#2613);
#147=PLANE('',#2614);
#148=PLANE('',#2616);
#149=PLANE('',#2617);
#150=PLANE('',#2618);
#151=PLANE('',#2619);
#152=PLANE('',#2620);
#153=PLANE('',#2621);
#154=PLANE('',#2622);
#155=PLANE('',#2623);
#156=PLANE('',#2624);
#157=PLANE('',#2625);
#158=PLANE('',#2626);
#159=PLANE('',#2627);
#160=PLANE('',#2628);
#161=PLANE('',#2629);
#162=PLANE('',#2630);
#163=PLANE('',#2631);
#164=PLANE('',#2632);
#165=PLANE('',#2633);
#166=PLANE('',#2634);
#167=PLANE('',#2635);
#168=PLANE('',#2636);
#169=PLANE('',#2637);
#170=PLANE('',#2638);
#171=PLANE('',#2639);
#172=PLANE('',#2640);
#173=PLANE('',#2641);
#174=PLANE('',#2642);
#175=PLANE('',#2643);
#176=PLANE('',#2644);
#177=PLANE('',#2645);
#178=PLANE('',#2646);
#179=PLANE('',#2647);
#180=PLANE('',#2648);
#181=PLANE('',#2649);
#182=PLANE('',#2650);
#183=PLANE('',#2651);
#184=PLANE('',#2652);
#185=PLANE('',#2653);
#186=PLANE('',#2654);
#187=PLANE('',#2655);
#188=PLANE('',#2656);
#189=PLANE('',#2657);
#190=PLANE('',#2658);
#191=PLANE('',#2659);
#192=PLANE('',#2660);
#193=PLANE('',#2663);
#194=PLANE('',#2664);
#195=PLANE('',#2665);
#196=PLANE('',#2666);
#197=PLANE('',#2667);
#198=PLANE('',#2668);
#199=PLANE('',#2669);
#200=PLANE('',#2670);
#201=PLANE('',#2671);
#202=PLANE('',#2672);
#203=PLANE('',#2673);
#204=PLANE('',#2674);
#205=PLANE('',#2675);
#206=PLANE('',#2676);
#207=PLANE('',#2677);
#208=PLANE('',#2678);
#209=PLANE('',#2679);
#210=PLANE('',#2680);
#211=PLANE('',#2681);
#212=PLANE('',#2682);
#213=PLANE('',#2683);
#214=PLANE('',#2684);
#215=PLANE('',#2685);
#216=PLANE('',#2686);
#217=PLANE('',#2687);
#218=PLANE('',#2688);
#219=PLANE('',#2689);
#220=PLANE('',#2690);
#221=PLANE('',#2691);
#222=PLANE('',#2692);
#223=PLANE('',#2693);
#224=PLANE('',#2694);
#225=PLANE('',#2695);
#226=PLANE('',#2696);
#227=PLANE('',#2697);
#228=ELLIPSE('',#2588,0.621309101816478,0.1);
#229=ELLIPSE('',#2589,0.621309101816479,0.1);
#230=ELLIPSE('',#2590,0.102695719308509,0.1);
#231=ELLIPSE('',#2597,0.227553412533312,0.1);
#232=ELLIPSE('',#2598,0.682660237599933,0.1);
#233=ELLIPSE('',#2601,0.682660237599936,0.1);
#234=ELLIPSE('',#2602,0.227553412533312,0.1);
#235=ELLIPSE('',#2605,0.62130910181648,0.1);
#236=ELLIPSE('',#2606,0.621309101816478,0.1);
#237=ELLIPSE('',#2607,0.102695719308509,0.1);
#238=LINE('',#3228,#495);
#239=LINE('',#3229,#496);
#240=LINE('',#3234,#497);
#241=LINE('',#3236,#498);
#242=LINE('',#3248,#499);
#243=LINE('',#3249,#500);
#244=LINE('',#3254,#501);
#245=LINE('',#3256,#502);
#246=LINE('',#3259,#503);
#247=LINE('',#3260,#504);
#248=LINE('',#3265,#505);
#249=LINE('',#3267,#506);
#250=LINE('',#3270,#507);
#251=LINE('',#3271,#508);
#252=LINE('',#3276,#509);
#253=LINE('',#3278,#510);
#254=LINE('',#3283,#511);
#255=LINE('',#3286,#512);
#256=LINE('',#3287,#513);
#257=LINE('',#3290,#514);
#258=LINE('',#3292,#515);
#259=LINE('',#3293,#516);
#260=LINE('',#3296,#517);
#261=LINE('',#3298,#518);
#262=LINE('',#3300,#519);
#263=LINE('',#3302,#520);
#264=LINE('',#3304,#521);
#265=LINE('',#3305,#522);
#266=LINE('',#3308,#523);
#267=LINE('',#3310,#524);
#268=LINE('',#3312,#525);
#269=LINE('',#3314,#526);
#270=LINE('',#3316,#527);
#271=LINE('',#3318,#528);
#272=LINE('',#3320,#529);
#273=LINE('',#3322,#530);
#274=LINE('',#3324,#531);
#275=LINE('',#3326,#532);
#276=LINE('',#3328,#533);
#277=LINE('',#3329,#534);
#278=LINE('',#3331,#535);
#279=LINE('',#3333,#536);
#280=LINE('',#3335,#537);
#281=LINE('',#3337,#538);
#282=LINE('',#3339,#539);
#283=LINE('',#3341,#540);
#284=LINE('',#3343,#541);
#285=LINE('',#3345,#542);
#286=LINE('',#3347,#543);
#287=LINE('',#3349,#544);
#288=LINE('',#3351,#545);
#289=LINE('',#3353,#546);
#290=LINE('',#3355,#547);
#291=LINE('',#3356,#548);
#292=LINE('',#3358,#549);
#293=LINE('',#3384,#550);
#294=LINE('',#3386,#551);
#295=LINE('',#3423,#552);
#296=LINE('',#3425,#553);
#297=LINE('',#3427,#554);
#298=LINE('',#3429,#555);
#299=LINE('',#3431,#556);
#300=LINE('',#3443,#557);
#301=LINE('',#3445,#558);
#302=LINE('',#3447,#559);
#303=LINE('',#3449,#560);
#304=LINE('',#3451,#561);
#305=LINE('',#3453,#562);
#306=LINE('',#3455,#563);
#307=LINE('',#3462,#564);
#308=LINE('',#3464,#565);
#309=LINE('',#3465,#566);
#310=LINE('',#3483,#567);
#311=LINE('',#3485,#568);
#312=LINE('',#3487,#569);
#313=LINE('',#3489,#570);
#314=LINE('',#3491,#571);
#315=LINE('',#3498,#572);
#316=LINE('',#3500,#573);
#317=LINE('',#3502,#574);
#318=LINE('',#3519,#575);
#319=LINE('',#3521,#576);
#320=LINE('',#3523,#577);
#321=LINE('',#3525,#578);
#322=LINE('',#3527,#579);
#323=LINE('',#3539,#580);
#324=LINE('',#3541,#581);
#325=LINE('',#3543,#582);
#326=LINE('',#3545,#583);
#327=LINE('',#3547,#584);
#328=LINE('',#3549,#585);
#329=LINE('',#3550,#586);
#330=LINE('',#3586,#587);
#331=LINE('',#3592,#588);
#332=LINE('',#3611,#589);
#333=LINE('',#3630,#590);
#334=LINE('',#3649,#591);
#335=LINE('',#3668,#592);
#336=LINE('',#3687,#593);
#337=LINE('',#3706,#594);
#338=LINE('',#3732,#595);
#339=LINE('',#3738,#596);
#340=LINE('',#3748,#597);
#341=LINE('',#3762,#598);
#342=LINE('',#3782,#599);
#343=LINE('',#3784,#600);
#344=LINE('',#3785,#601);
#345=LINE('',#3788,#602);
#346=LINE('',#3789,#603);
#347=LINE('',#3792,#604);
#348=LINE('',#3793,#605);
#349=LINE('',#3796,#606);
#350=LINE('',#3797,#607);
#351=LINE('',#3800,#608);
#352=LINE('',#3801,#609);
#353=LINE('',#3804,#610);
#354=LINE('',#3805,#611);
#355=LINE('',#3807,#612);
#356=LINE('',#3811,#613);
#357=LINE('',#3813,#614);
#358=LINE('',#3814,#615);
#359=LINE('',#3824,#616);
#360=LINE('',#3838,#617);
#361=LINE('',#3845,#618);
#362=LINE('',#3846,#619);
#363=LINE('',#3849,#620);
#364=LINE('',#3850,#621);
#365=LINE('',#3853,#622);
#366=LINE('',#3854,#623);
#367=LINE('',#3857,#624);
#368=LINE('',#3858,#625);
#369=LINE('',#3861,#626);
#370=LINE('',#3862,#627);
#371=LINE('',#3872,#628);
#372=LINE('',#3886,#629);
#373=LINE('',#3900,#630);
#374=LINE('',#3907,#631);
#375=LINE('',#3908,#632);
#376=LINE('',#3910,#633);
#377=LINE('',#3927,#634);
#378=LINE('',#3933,#635);
#379=LINE('',#3936,#636);
#380=LINE('',#3938,#637);
#381=LINE('',#3939,#638);
#382=LINE('',#3958,#639);
#383=LINE('',#3977,#640);
#384=LINE('',#4003,#641);
#385=LINE('',#4009,#642);
#386=LINE('',#4019,#643);
#387=LINE('',#4026,#644);
#388=LINE('',#4027,#645);
#389=LINE('',#4030,#646);
#390=LINE('',#4031,#647);
#391=LINE('',#4034,#648);
#392=LINE('',#4035,#649);
#393=LINE('',#4038,#650);
#394=LINE('',#4039,#651);
#395=LINE('',#4042,#652);
#396=LINE('',#4043,#653);
#397=LINE('',#4053,#654);
#398=LINE('',#4073,#655);
#399=LINE('',#4075,#656);
#400=LINE('',#4076,#657);
#401=LINE('',#4079,#658);
#402=LINE('',#4080,#659);
#403=LINE('',#4083,#660);
#404=LINE('',#4084,#661);
#405=LINE('',#4087,#662);
#406=LINE('',#4088,#663);
#407=LINE('',#4098,#664);
#408=LINE('',#4105,#665);
#409=LINE('',#4106,#666);
#410=LINE('',#4109,#667);
#411=LINE('',#4110,#668);
#412=LINE('',#4113,#669);
#413=LINE('',#4114,#670);
#414=LINE('',#4117,#671);
#415=LINE('',#4118,#672);
#416=LINE('',#4121,#673);
#417=LINE('',#4122,#674);
#418=LINE('',#4124,#675);
#419=LINE('',#4135,#676);
#420=LINE('',#4141,#677);
#421=LINE('',#4151,#678);
#422=LINE('',#4165,#679);
#423=LINE('',#4172,#680);
#424=LINE('',#4173,#681);
#425=LINE('',#4176,#682);
#426=LINE('',#4177,#683);
#427=LINE('',#4180,#684);
#428=LINE('',#4181,#685);
#429=LINE('',#4184,#686);
#430=LINE('',#4185,#687);
#431=LINE('',#4188,#688);
#432=LINE('',#4189,#689);
#433=LINE('',#4199,#690);
#434=LINE('',#4213,#691);
#435=LINE('',#4227,#692);
#436=LINE('',#4241,#693);
#437=LINE('',#4255,#694);
#438=LINE('',#4269,#695);
#439=LINE('',#4283,#696);
#440=LINE('',#4290,#697);
#441=LINE('',#4291,#698);
#442=LINE('',#4294,#699);
#443=LINE('',#4295,#700);
#444=LINE('',#4305,#701);
#445=LINE('',#4319,#702);
#446=LINE('',#4344,#703);
#447=LINE('',#4346,#704);
#448=LINE('',#4347,#705);
#449=LINE('',#4350,#706);
#450=LINE('',#4351,#707);
#451=LINE('',#4354,#708);
#452=LINE('',#4355,#709);
#453=LINE('',#4357,#710);
#454=LINE('',#4360,#711);
#455=LINE('',#4361,#712);
#456=LINE('',#4364,#713);
#457=LINE('',#4365,#714);
#458=LINE('',#4367,#715);
#459=LINE('',#4368,#716);
#460=LINE('',#4371,#717);
#461=LINE('',#4373,#718);
#462=LINE('',#4374,#719);
#463=LINE('',#4377,#720);
#464=LINE('',#4378,#721);
#465=LINE('',#4380,#722);
#466=LINE('',#4383,#723);
#467=LINE('',#4385,#724);
#468=LINE('',#4386,#725);
#469=LINE('',#4389,#726);
#470=LINE('',#4390,#727);
#471=LINE('',#4392,#728);
#472=LINE('',#4393,#729);
#473=LINE('',#4397,#730);
#474=LINE('',#4399,#731);
#475=LINE('',#4400,#732);
#476=LINE('',#4403,#733);
#477=LINE('',#4404,#734);
#478=LINE('',#4407,#735);
#479=LINE('',#4408,#736);
#480=LINE('',#4410,#737);
#481=LINE('',#4413,#738);
#482=LINE('',#4415,#739);
#483=LINE('',#4416,#740);
#484=LINE('',#4419,#741);
#485=LINE('',#4420,#742);
#486=LINE('',#4423,#743);
#487=LINE('',#4424,#744);
#488=LINE('',#4426,#745);
#489=LINE('',#4429,#746);
#490=LINE('',#4431,#747);
#491=LINE('',#4432,#748);
#492=LINE('',#4434,#749);
#493=LINE('',#4436,#750);
#494=LINE('',#4439,#751);
#495=VECTOR('',#2726,1.23034420707977);
#496=VECTOR('',#2727,1.23034420707977);
#497=VECTOR('',#2732,0.53536065093147);
#498=VECTOR('',#2733,0.53536065093147);
#499=VECTOR('',#2748,2.05313966861525);
#500=VECTOR('',#2749,2.05313966861525);
#501=VECTOR('',#2754,0.619951348075396);
#502=VECTOR('',#2755,0.58822481128642);
#503=VECTOR('',#2760,1.23034420707977);
#504=VECTOR('',#2761,1.23034420707977);
#505=VECTOR('',#2766,0.58822481128642);
#506=VECTOR('',#2767,0.619951348075395);
#507=VECTOR('',#2772,2.05313966861525);
#508=VECTOR('',#2773,2.05313966861525);
#509=VECTOR('',#2778,0.53536065093147);
#510=VECTOR('',#2779,0.53536065093147);
#511=VECTOR('',#2786,2.39780588989948);
#512=VECTOR('',#2789,2.59009743870628);
#513=VECTOR('',#2790,0.0523856294131098);
#514=VECTOR('',#2793,0.0913386588609455);
#515=VECTOR('',#2794,0.145);
#516=VECTOR('',#2795,0.180097438706284);
#517=VECTOR('',#2798,0.0913386588609469);
#518=VECTOR('',#2799,0.22);
#519=VECTOR('',#2800,0.28);
#520=VECTOR('',#2801,0.22);
#521=VECTOR('',#2802,0.28);
#522=VECTOR('',#2803,0.22);
#523=VECTOR('',#2806,0.2);
#524=VECTOR('',#2807,0.22);
#525=VECTOR('',#2808,0.2);
#526=VECTOR('',#2809,0.28);
#527=VECTOR('',#2810,0.2);
#528=VECTOR('',#2811,0.22);
#529=VECTOR('',#2812,0.2);
#530=VECTOR('',#2813,0.28);
#531=VECTOR('',#2814,0.2);
#532=VECTOR('',#2815,0.22);
#533=VECTOR('',#2816,0.2);
#534=VECTOR('',#2817,0.180097438706286);
#535=VECTOR('',#2818,2.59009743870629);
#536=VECTOR('',#2819,0.19);
#537=VECTOR('',#2820,0.2);
#538=VECTOR('',#2821,0.22);
#539=VECTOR('',#2822,0.2);
#540=VECTOR('',#2823,0.28);
#541=VECTOR('',#2824,0.2);
#542=VECTOR('',#2825,0.22);
#543=VECTOR('',#2826,0.2);
#544=VECTOR('',#2827,0.28);
#545=VECTOR('',#2828,0.200000000000001);
#546=VECTOR('',#2829,0.22);
#547=VECTOR('',#2830,0.2);
#548=VECTOR('',#2831,0.19);
#549=VECTOR('',#2834,0.145);
#550=VECTOR('',#2839,0.0567260927353145);
#551=VECTOR('',#2840,0.00388978921613575);
#552=VECTOR('',#2841,0.2061588284552);
#553=VECTOR('',#2842,0.219448941610331);
#554=VECTOR('',#2843,0.0470016196949749);
#555=VECTOR('',#2844,0.167909234496531);
#556=VECTOR('',#2845,0.106645054342391);
#557=VECTOR('',#2846,0.0408427867694264);
#558=VECTOR('',#2847,0.195137759009482);
#559=VECTOR('',#2848,0.0408427867694264);
#560=VECTOR('',#2849,0.0726093987012028);
#561=VECTOR('',#2850,0.268071306812029);
#562=VECTOR('',#2851,0.0726093987012028);
#563=VECTOR('',#2852,0.0366288484519461);
#564=VECTOR('',#2853,0.0414910849721156);
#565=VECTOR('',#2854,0.360453800695256);
#566=VECTOR('',#2855,0.0709886531944792);
#567=VECTOR('',#2856,0.0143103660040568);
#568=VECTOR('',#2857,0.0473257687963194);
#569=VECTOR('',#2858,0.417828191633259);
#570=VECTOR('',#2859,0.0505672598097659);
#571=VECTOR('',#2860,0.149108586618541);
#572=VECTOR('',#2861,0.194813609908137);
#573=VECTOR('',#2862,0.0505672598097662);
#574=VECTOR('',#2863,0.171150725509977);
#575=VECTOR('',#2864,0.224311178130501);
#576=VECTOR('',#2865,0.0505672598097659);
#577=VECTOR('',#2866,0.417828191633259);
#578=VECTOR('',#2867,0.0505672598097659);
#579=VECTOR('',#2868,0.151053481226609);
#580=VECTOR('',#2869,0.0599675837487609);
#581=VECTOR('',#2870,0.381554886910721);
#582=VECTOR('',#2871,0.0570502418366592);
#583=VECTOR('',#2872,0.397531176951329);
#584=VECTOR('',#2873,0.206482977556545);
#585=VECTOR('',#2874,0.0470016196949749);
#586=VECTOR('',#2875,0.253808746352864);
#587=VECTOR('',#2876,0.145);
#588=VECTOR('',#2877,0.145);
#589=VECTOR('',#2878,0.145);
#590=VECTOR('',#2879,0.145);
#591=VECTOR('',#2880,0.145);
#592=VECTOR('',#2881,0.145);
#593=VECTOR('',#2882,0.145);
#594=VECTOR('',#2883,0.145);
#595=VECTOR('',#2884,0.145);
#596=VECTOR('',#2885,0.145);
#597=VECTOR('',#2886,0.145);
#598=VECTOR('',#2887,0.145);
#599=VECTOR('',#2892,0.145);
#600=VECTOR('',#2893,0.0599675837487609);
#601=VECTOR('',#2894,0.145);
#602=VECTOR('',#2897,0.145);
#603=VECTOR('',#2898,0.253808746352864);
#604=VECTOR('',#2901,0.145);
#605=VECTOR('',#2902,0.0470016196949749);
#606=VECTOR('',#2905,0.145);
#607=VECTOR('',#2906,0.206482977556545);
#608=VECTOR('',#2909,0.145);
#609=VECTOR('',#2910,0.397531176951329);
#610=VECTOR('',#2913,0.145);
#611=VECTOR('',#2914,0.0570502418366592);
#612=VECTOR('',#2917,0.381554886910721);
#613=VECTOR('',#2922,0.145);
#614=VECTOR('',#2923,0.194813609908137);
#615=VECTOR('',#2924,0.145);
#616=VECTOR('',#2925,0.145);
#617=VECTOR('',#2926,0.145);
#618=VECTOR('',#2929,0.145);
#619=VECTOR('',#2930,0.151053481226609);
#620=VECTOR('',#2933,0.145);
#621=VECTOR('',#2934,0.0505672598097659);
#622=VECTOR('',#2937,0.145);
#623=VECTOR('',#2938,0.417828191633259);
#624=VECTOR('',#2941,0.145);
#625=VECTOR('',#2942,0.0505672598097659);
#626=VECTOR('',#2945,0.145);
#627=VECTOR('',#2946,0.224311178130501);
#628=VECTOR('',#2947,0.145);
#629=VECTOR('',#2948,0.145);
#630=VECTOR('',#2949,0.145);
#631=VECTOR('',#2952,0.145);
#632=VECTOR('',#2953,0.171150725509977);
#633=VECTOR('',#2956,0.0505672598097662);
#634=VECTOR('',#2959,0.145);
#635=VECTOR('',#2960,0.145);
#636=VECTOR('',#2963,0.172123172814011);
#637=VECTOR('',#2964,0.172123172814011);
#638=VECTOR('',#2965,0.145);
#639=VECTOR('',#2966,0.145);
#640=VECTOR('',#2967,0.145);
#641=VECTOR('',#2968,0.145);
#642=VECTOR('',#2969,0.145);
#643=VECTOR('',#2970,0.145);
#644=VECTOR('',#2973,0.145);
#645=VECTOR('',#2974,0.149108586618541);
#646=VECTOR('',#2977,0.145);
#647=VECTOR('',#2978,0.0505672598097659);
#648=VECTOR('',#2981,0.145);
#649=VECTOR('',#2982,0.417828191633259);
#650=VECTOR('',#2985,0.145);
#651=VECTOR('',#2986,0.0473257687963194);
#652=VECTOR('',#2989,0.145);
#653=VECTOR('',#2990,0.0143103660040568);
#654=VECTOR('',#2991,0.145);
#655=VECTOR('',#2996,0.145);
#656=VECTOR('',#2997,0.0408427867694264);
#657=VECTOR('',#2998,0.145);
#658=VECTOR('',#3001,0.145);
#659=VECTOR('',#3002,0.0709886531944792);
#660=VECTOR('',#3005,0.145);
#661=VECTOR('',#3006,0.360453800695256);
#662=VECTOR('',#3009,0.145);
#663=VECTOR('',#3010,0.0414910849721156);
#664=VECTOR('',#3011,0.145);
#665=VECTOR('',#3014,0.145);
#666=VECTOR('',#3015,0.0366288484519461);
#667=VECTOR('',#3018,0.145);
#668=VECTOR('',#3019,0.0726093987012028);
#669=VECTOR('',#3022,0.145);
#670=VECTOR('',#3023,0.268071306812029);
#671=VECTOR('',#3026,0.145);
#672=VECTOR('',#3027,0.0726093987012028);
#673=VECTOR('',#3030,0.145);
#674=VECTOR('',#3031,0.0408427867694264);
#675=VECTOR('',#3034,0.195137759009482);
#676=VECTOR('',#3037,0.145);
#677=VECTOR('',#3038,0.145);
#678=VECTOR('',#3039,0.145);
#679=VECTOR('',#3040,0.145);
#680=VECTOR('',#3043,0.145);
#681=VECTOR('',#3044,0.106645054342391);
#682=VECTOR('',#3047,0.145);
#683=VECTOR('',#3048,0.167909234496531);
#684=VECTOR('',#3051,0.145);
#685=VECTOR('',#3052,0.0470016196949749);
#686=VECTOR('',#3055,0.145);
#687=VECTOR('',#3056,0.219448941610331);
#688=VECTOR('',#3059,0.145);
#689=VECTOR('',#3060,0.2061588284552);
#690=VECTOR('',#3061,0.145);
#691=VECTOR('',#3062,0.145);
#692=VECTOR('',#3063,0.145);
#693=VECTOR('',#3064,0.145);
#694=VECTOR('',#3065,0.145);
#695=VECTOR('',#3066,0.145);
#696=VECTOR('',#3067,0.145);
#697=VECTOR('',#3070,0.145);
#698=VECTOR('',#3071,0.00388978921613575);
#699=VECTOR('',#3074,0.145);
#700=VECTOR('',#3075,0.0567260927353145);
#701=VECTOR('',#3076,0.145);
#702=VECTOR('',#3077,0.145);
#703=VECTOR('',#3090,0.145);
#704=VECTOR('',#3091,0.22);
#705=VECTOR('',#3092,0.145);
#706=VECTOR('',#3095,0.2);
#707=VECTOR('',#3096,0.145);
#708=VECTOR('',#3099,0.145);
#709=VECTOR('',#3100,0.2);
#710=VECTOR('',#3103,0.22);
#711=VECTOR('',#3106,0.2);
#712=VECTOR('',#3107,0.145);
#713=VECTOR('',#3110,0.22);
#714=VECTOR('',#3111,0.145);
#715=VECTOR('',#3114,0.2);
#716=VECTOR('',#3115,0.145);
#717=VECTOR('',#3120,0.145);
#718=VECTOR('',#3121,0.2);
#719=VECTOR('',#3122,0.145);
#720=VECTOR('',#3125,0.22);
#721=VECTOR('',#3126,0.145);
#722=VECTOR('',#3129,0.2);
#723=VECTOR('',#3134,0.145);
#724=VECTOR('',#3135,0.2);
#725=VECTOR('',#3136,0.145);
#726=VECTOR('',#3139,0.22);
#727=VECTOR('',#3140,0.145);
#728=VECTOR('',#3143,0.2);
#729=VECTOR('',#3144,0.145);
#730=VECTOR('',#3149,0.145);
#731=VECTOR('',#3150,0.22);
#732=VECTOR('',#3151,0.145);
#733=VECTOR('',#3154,0.2);
#734=VECTOR('',#3155,0.145);
#735=VECTOR('',#3158,0.145);
#736=VECTOR('',#3159,0.2);
#737=VECTOR('',#3162,0.22);
#738=VECTOR('',#3165,0.145);
#739=VECTOR('',#3166,0.22);
#740=VECTOR('',#3167,0.145);
#741=VECTOR('',#3170,0.2);
#742=VECTOR('',#3171,0.145);
#743=VECTOR('',#3174,0.145);
#744=VECTOR('',#3175,0.200000000000001);
#745=VECTOR('',#3178,0.22);
#746=VECTOR('',#3183,0.0959861445414542);
#747=VECTOR('',#3186,0.0959861445414525);
#748=VECTOR('',#3187,0.052385629413107);
#749=VECTOR('',#3190,0.28);
#750=VECTOR('',#3193,0.28);
#751=VECTOR('',#3198,2.39780588989948);
#752=CYLINDRICAL_SURFACE('',#2586,0.1);
#753=CYLINDRICAL_SURFACE('',#2587,0.1);
#754=CYLINDRICAL_SURFACE('',#2595,0.1);
#755=CYLINDRICAL_SURFACE('',#2596,0.1);
#756=CYLINDRICAL_SURFACE('',#2599,0.1);
#757=CYLINDRICAL_SURFACE('',#2600,0.1);
#758=CYLINDRICAL_SURFACE('',#2603,0.1);
#759=CYLINDRICAL_SURFACE('',#2604,0.1);
#760=CYLINDRICAL_SURFACE('',#2661,0.134632623548939);
#761=FACE_OUTER_BOUND('',#900,.T.);
#762=FACE_OUTER_BOUND('',#901,.T.);
#763=FACE_OUTER_BOUND('',#902,.T.);
#764=FACE_OUTER_BOUND('',#903,.T.);
#765=FACE_OUTER_BOUND('',#904,.T.);
#766=FACE_OUTER_BOUND('',#905,.T.);
#767=FACE_OUTER_BOUND('',#906,.T.);
#768=FACE_OUTER_BOUND('',#907,.T.);
#769=FACE_OUTER_BOUND('',#908,.T.);
#770=FACE_OUTER_BOUND('',#909,.T.);
#771=FACE_OUTER_BOUND('',#910,.T.);
#772=FACE_OUTER_BOUND('',#911,.T.);
#773=FACE_OUTER_BOUND('',#912,.T.);
#774=FACE_OUTER_BOUND('',#913,.T.);
#775=FACE_OUTER_BOUND('',#914,.T.);
#776=FACE_OUTER_BOUND('',#915,.T.);
#777=FACE_OUTER_BOUND('',#916,.T.);
#778=FACE_OUTER_BOUND('',#917,.T.);
#779=FACE_OUTER_BOUND('',#918,.T.);
#780=FACE_OUTER_BOUND('',#926,.T.);
#781=FACE_OUTER_BOUND('',#927,.T.);
#782=FACE_OUTER_BOUND('',#928,.T.);
#783=FACE_OUTER_BOUND('',#929,.T.);
#784=FACE_OUTER_BOUND('',#930,.T.);
#785=FACE_OUTER_BOUND('',#931,.T.);
#786=FACE_OUTER_BOUND('',#932,.T.);
#787=FACE_OUTER_BOUND('',#933,.T.);
#788=FACE_OUTER_BOUND('',#934,.T.);
#789=FACE_OUTER_BOUND('',#935,.T.);
#790=FACE_OUTER_BOUND('',#936,.T.);
#791=FACE_OUTER_BOUND('',#937,.T.);
#792=FACE_OUTER_BOUND('',#938,.T.);
#793=FACE_OUTER_BOUND('',#940,.T.);
#794=FACE_OUTER_BOUND('',#941,.T.);
#795=FACE_OUTER_BOUND('',#942,.T.);
#796=FACE_OUTER_BOUND('',#943,.T.);
#797=FACE_OUTER_BOUND('',#944,.T.);
#798=FACE_OUTER_BOUND('',#945,.T.);
#799=FACE_OUTER_BOUND('',#946,.T.);
#800=FACE_OUTER_BOUND('',#947,.T.);
#801=FACE_OUTER_BOUND('',#948,.T.);
#802=FACE_OUTER_BOUND('',#949,.T.);
#803=FACE_OUTER_BOUND('',#950,.T.);
#804=FACE_OUTER_BOUND('',#951,.T.);
#805=FACE_OUTER_BOUND('',#952,.T.);
#806=FACE_OUTER_BOUND('',#953,.T.);
#807=FACE_OUTER_BOUND('',#954,.T.);
#808=FACE_OUTER_BOUND('',#955,.T.);
#809=FACE_OUTER_BOUND('',#956,.T.);
#810=FACE_OUTER_BOUND('',#957,.T.);
#811=FACE_OUTER_BOUND('',#958,.T.);
#812=FACE_OUTER_BOUND('',#959,.T.);
#813=FACE_OUTER_BOUND('',#960,.T.);
#814=FACE_OUTER_BOUND('',#961,.T.);
#815=FACE_OUTER_BOUND('',#962,.T.);
#816=FACE_OUTER_BOUND('',#963,.T.);
#817=FACE_OUTER_BOUND('',#964,.T.);
#818=FACE_OUTER_BOUND('',#965,.T.);
#819=FACE_OUTER_BOUND('',#966,.T.);
#820=FACE_OUTER_BOUND('',#967,.T.);
#821=FACE_OUTER_BOUND('',#968,.T.);
#822=FACE_OUTER_BOUND('',#969,.T.);
#823=FACE_OUTER_BOUND('',#970,.T.);
#824=FACE_OUTER_BOUND('',#971,.T.);
#825=FACE_OUTER_BOUND('',#972,.T.);
#826=FACE_OUTER_BOUND('',#973,.T.);
#827=FACE_OUTER_BOUND('',#974,.T.);
#828=FACE_OUTER_BOUND('',#975,.T.);
#829=FACE_OUTER_BOUND('',#976,.T.);
#830=FACE_OUTER_BOUND('',#978,.T.);
#831=FACE_OUTER_BOUND('',#979,.T.);
#832=FACE_OUTER_BOUND('',#980,.T.);
#833=FACE_OUTER_BOUND('',#981,.T.);
#834=FACE_OUTER_BOUND('',#982,.T.);
#835=FACE_OUTER_BOUND('',#983,.T.);
#836=FACE_OUTER_BOUND('',#984,.T.);
#837=FACE_OUTER_BOUND('',#985,.T.);
#838=FACE_OUTER_BOUND('',#986,.T.);
#839=FACE_OUTER_BOUND('',#987,.T.);
#840=FACE_OUTER_BOUND('',#988,.T.);
#841=FACE_OUTER_BOUND('',#989,.T.);
#842=FACE_OUTER_BOUND('',#990,.T.);
#843=FACE_OUTER_BOUND('',#991,.T.);
#844=FACE_OUTER_BOUND('',#992,.T.);
#845=FACE_OUTER_BOUND('',#993,.T.);
#846=FACE_OUTER_BOUND('',#994,.T.);
#847=FACE_OUTER_BOUND('',#995,.T.);
#848=FACE_OUTER_BOUND('',#996,.T.);
#849=FACE_OUTER_BOUND('',#997,.T.);
#850=FACE_OUTER_BOUND('',#998,.T.);
#851=FACE_OUTER_BOUND('',#999,.T.);
#852=FACE_OUTER_BOUND('',#1000,.T.);
#853=FACE_OUTER_BOUND('',#1001,.T.);
#854=FACE_OUTER_BOUND('',#1002,.T.);
#855=FACE_OUTER_BOUND('',#1003,.T.);
#856=FACE_OUTER_BOUND('',#1004,.T.);
#857=FACE_OUTER_BOUND('',#1005,.T.);
#858=FACE_OUTER_BOUND('',#1006,.T.);
#859=FACE_OUTER_BOUND('',#1007,.T.);
#860=FACE_OUTER_BOUND('',#1008,.T.);
#861=FACE_OUTER_BOUND('',#1009,.T.);
#862=FACE_OUTER_BOUND('',#1010,.T.);
#863=FACE_OUTER_BOUND('',#1011,.T.);
#864=FACE_OUTER_BOUND('',#1012,.T.);
#865=FACE_OUTER_BOUND('',#1014,.T.);
#866=FACE_OUTER_BOUND('',#1015,.T.);
#867=FACE_OUTER_BOUND('',#1016,.T.);
#868=FACE_OUTER_BOUND('',#1017,.T.);
#869=FACE_OUTER_BOUND('',#1018,.T.);
#870=FACE_OUTER_BOUND('',#1019,.T.);
#871=FACE_OUTER_BOUND('',#1020,.T.);
#872=FACE_OUTER_BOUND('',#1021,.T.);
#873=FACE_OUTER_BOUND('',#1022,.T.);
#874=FACE_OUTER_BOUND('',#1023,.T.);
#875=FACE_OUTER_BOUND('',#1024,.T.);
#876=FACE_OUTER_BOUND('',#1025,.T.);
#877=FACE_OUTER_BOUND('',#1026,.T.);
#878=FACE_OUTER_BOUND('',#1027,.T.);
#879=FACE_OUTER_BOUND('',#1028,.T.);
#880=FACE_OUTER_BOUND('',#1029,.T.);
#881=FACE_OUTER_BOUND('',#1030,.T.);
#882=FACE_OUTER_BOUND('',#1031,.T.);
#883=FACE_OUTER_BOUND('',#1032,.T.);
#884=FACE_OUTER_BOUND('',#1033,.T.);
#885=FACE_OUTER_BOUND('',#1034,.T.);
#886=FACE_OUTER_BOUND('',#1035,.T.);
#887=FACE_OUTER_BOUND('',#1036,.T.);
#888=FACE_OUTER_BOUND('',#1037,.T.);
#889=FACE_OUTER_BOUND('',#1038,.T.);
#890=FACE_OUTER_BOUND('',#1039,.T.);
#891=FACE_OUTER_BOUND('',#1040,.T.);
#892=FACE_OUTER_BOUND('',#1041,.T.);
#893=FACE_OUTER_BOUND('',#1042,.T.);
#894=FACE_OUTER_BOUND('',#1043,.T.);
#895=FACE_OUTER_BOUND('',#1044,.T.);
#896=FACE_OUTER_BOUND('',#1045,.T.);
#897=FACE_OUTER_BOUND('',#1046,.T.);
#898=FACE_OUTER_BOUND('',#1047,.T.);
#899=FACE_OUTER_BOUND('',#1048,.T.);
#900=EDGE_LOOP('',(#1654,#1655,#1656));
#901=EDGE_LOOP('',(#1657,#1658,#1659));
#902=EDGE_LOOP('',(#1660,#1661,#1662));
#903=EDGE_LOOP('',(#1663,#1664,#1665,#1666));
#904=EDGE_LOOP('',(#1667,#1668,#1669,#1670,#1671,#1672));
#905=EDGE_LOOP('',(#1673,#1674,#1675));
#906=EDGE_LOOP('',(#1676,#1677,#1678,#1679));
#907=EDGE_LOOP('',(#1680,#1681,#1682,#1683,#1684));
#908=EDGE_LOOP('',(#1685,#1686,#1687,#1688));
#909=EDGE_LOOP('',(#1689,#1690,#1691,#1692,#1693));
#910=EDGE_LOOP('',(#1694,#1695,#1696,#1697));
#911=EDGE_LOOP('',(#1698,#1699,#1700,#1701,#1702,#1703));
#912=EDGE_LOOP('',(#1704,#1705,#1706,#1707));
#913=EDGE_LOOP('',(#1708,#1709,#1710,#1711,#1712));
#914=EDGE_LOOP('',(#1713,#1714,#1715,#1716));
#915=EDGE_LOOP('',(#1717,#1718,#1719,#1720,#1721,#1722,#1723,#1724,#1725,
#1726));
#916=EDGE_LOOP('',(#1727,#1728,#1729,#1730,#1731,#1732,#1733,#1734,#1735,
#1736,#1737,#1738,#1739,#1740,#1741,#1742,#1743,#1744,#1745,#1746,#1747,
#1748,#1749,#1750,#1751,#1752,#1753,#1754,#1755,#1756));
#917=EDGE_LOOP('',(#1757,#1758,#1759,#1760));
#918=EDGE_LOOP('',(#1761,#1762,#1763,#1764));
#919=EDGE_LOOP('',(#1765));
#920=EDGE_LOOP('',(#1766,#1767,#1768,#1769,#1770,#1771,#1772,#1773,#1774,
#1775,#1776,#1777,#1778,#1779,#1780,#1781,#1782,#1783,#1784,#1785));
#921=EDGE_LOOP('',(#1786,#1787,#1788,#1789,#1790,#1791,#1792,#1793,#1794,
#1795,#1796));
#922=EDGE_LOOP('',(#1797,#1798,#1799,#1800,#1801,#1802,#1803,#1804,#1805));
#923=EDGE_LOOP('',(#1806,#1807,#1808,#1809,#1810,#1811,#1812,#1813,#1814,
#1815,#1816,#1817,#1818));
#924=EDGE_LOOP('',(#1819,#1820,#1821,#1822,#1823,#1824,#1825));
#925=EDGE_LOOP('',(#1826,#1827,#1828,#1829));
#926=EDGE_LOOP('',(#1830,#1831,#1832,#1833));
#927=EDGE_LOOP('',(#1834,#1835,#1836,#1837));
#928=EDGE_LOOP('',(#1838,#1839,#1840,#1841));
#929=EDGE_LOOP('',(#1842,#1843,#1844,#1845));
#930=EDGE_LOOP('',(#1846,#1847,#1848,#1849));
#931=EDGE_LOOP('',(#1850,#1851,#1852,#1853));
#932=EDGE_LOOP('',(#1854,#1855,#1856,#1857));
#933=EDGE_LOOP('',(#1858,#1859,#1860,#1861));
#934=EDGE_LOOP('',(#1862,#1863,#1864,#1865));
#935=EDGE_LOOP('',(#1866,#1867,#1868,#1869));
#936=EDGE_LOOP('',(#1870,#1871,#1872,#1873));
#937=EDGE_LOOP('',(#1874,#1875,#1876,#1877));
#938=EDGE_LOOP('',(#1878,#1879,#1880,#1881));
#939=EDGE_LOOP('',(#1882,#1883,#1884,#1885,#1886,#1887,#1888,#1889));
#940=EDGE_LOOP('',(#1890,#1891,#1892,#1893));
#941=EDGE_LOOP('',(#1894,#1895,#1896,#1897));
#942=EDGE_LOOP('',(#1898,#1899,#1900,#1901));
#943=EDGE_LOOP('',(#1902,#1903,#1904,#1905));
#944=EDGE_LOOP('',(#1906,#1907,#1908,#1909));
#945=EDGE_LOOP('',(#1910,#1911,#1912,#1913));
#946=EDGE_LOOP('',(#1914,#1915,#1916,#1917));
#947=EDGE_LOOP('',(#1918,#1919,#1920,#1921,#1922,#1923,#1924));
#948=EDGE_LOOP('',(#1925,#1926,#1927,#1928));
#949=EDGE_LOOP('',(#1929,#1930,#1931,#1932));
#950=EDGE_LOOP('',(#1933,#1934,#1935,#1936));
#951=EDGE_LOOP('',(#1937,#1938,#1939,#1940));
#952=EDGE_LOOP('',(#1941,#1942,#1943,#1944));
#953=EDGE_LOOP('',(#1945,#1946,#1947,#1948));
#954=EDGE_LOOP('',(#1949,#1950,#1951,#1952));
#955=EDGE_LOOP('',(#1953,#1954,#1955,#1956));
#956=EDGE_LOOP('',(#1957,#1958,#1959,#1960));
#957=EDGE_LOOP('',(#1961,#1962,#1963,#1964));
#958=EDGE_LOOP('',(#1965,#1966,#1967,#1968));
#959=EDGE_LOOP('',(#1969,#1970,#1971,#1972));
#960=EDGE_LOOP('',(#1973,#1974,#1975,#1976));
#961=EDGE_LOOP('',(#1977,#1978,#1979,#1980,#1981,#1982,#1983,#1984,#1985,
#1986,#1987,#1988,#1989));
#962=EDGE_LOOP('',(#1990,#1991,#1992,#1993));
#963=EDGE_LOOP('',(#1994,#1995,#1996,#1997));
#964=EDGE_LOOP('',(#1998,#1999,#2000,#2001));
#965=EDGE_LOOP('',(#2002,#2003,#2004,#2005));
#966=EDGE_LOOP('',(#2006,#2007,#2008,#2009));
#967=EDGE_LOOP('',(#2010,#2011,#2012,#2013));
#968=EDGE_LOOP('',(#2014,#2015,#2016,#2017));
#969=EDGE_LOOP('',(#2018,#2019,#2020,#2021));
#970=EDGE_LOOP('',(#2022,#2023,#2024,#2025));
#971=EDGE_LOOP('',(#2026,#2027,#2028,#2029));
#972=EDGE_LOOP('',(#2030,#2031,#2032,#2033));
#973=EDGE_LOOP('',(#2034,#2035,#2036,#2037));
#974=EDGE_LOOP('',(#2038,#2039,#2040,#2041));
#975=EDGE_LOOP('',(#2042,#2043,#2044,#2045));
#976=EDGE_LOOP('',(#2046,#2047,#2048,#2049,#2050,#2051,#2052,#2053,#2054));
#977=EDGE_LOOP('',(#2055,#2056,#2057,#2058,#2059));
#978=EDGE_LOOP('',(#2060,#2061,#2062,#2063));
#979=EDGE_LOOP('',(#2064,#2065,#2066,#2067));
#980=EDGE_LOOP('',(#2068,#2069,#2070,#2071));
#981=EDGE_LOOP('',(#2072,#2073,#2074,#2075));
#982=EDGE_LOOP('',(#2076,#2077,#2078,#2079));
#983=EDGE_LOOP('',(#2080,#2081,#2082,#2083));
#984=EDGE_LOOP('',(#2084,#2085,#2086,#2087));
#985=EDGE_LOOP('',(#2088,#2089,#2090,#2091));
#986=EDGE_LOOP('',(#2092,#2093,#2094,#2095));
#987=EDGE_LOOP('',(#2096,#2097,#2098,#2099));
#988=EDGE_LOOP('',(#2100,#2101,#2102,#2103));
#989=EDGE_LOOP('',(#2104,#2105,#2106,#2107,#2108,#2109,#2110,#2111,#2112,
#2113,#2114));
#990=EDGE_LOOP('',(#2115,#2116,#2117,#2118));
#991=EDGE_LOOP('',(#2119,#2120,#2121,#2122));
#992=EDGE_LOOP('',(#2123,#2124,#2125,#2126));
#993=EDGE_LOOP('',(#2127,#2128,#2129,#2130));
#994=EDGE_LOOP('',(#2131,#2132,#2133,#2134));
#995=EDGE_LOOP('',(#2135,#2136,#2137,#2138));
#996=EDGE_LOOP('',(#2139,#2140,#2141,#2142));
#997=EDGE_LOOP('',(#2143,#2144,#2145,#2146));
#998=EDGE_LOOP('',(#2147,#2148,#2149,#2150));
#999=EDGE_LOOP('',(#2151,#2152,#2153,#2154));
#1000=EDGE_LOOP('',(#2155,#2156,#2157,#2158));
#1001=EDGE_LOOP('',(#2159,#2160,#2161,#2162));
#1002=EDGE_LOOP('',(#2163,#2164,#2165,#2166));
#1003=EDGE_LOOP('',(#2167,#2168,#2169,#2170));
#1004=EDGE_LOOP('',(#2171,#2172,#2173,#2174));
#1005=EDGE_LOOP('',(#2175,#2176,#2177,#2178));
#1006=EDGE_LOOP('',(#2179,#2180,#2181,#2182));
#1007=EDGE_LOOP('',(#2183,#2184,#2185,#2186));
#1008=EDGE_LOOP('',(#2187,#2188,#2189,#2190));
#1009=EDGE_LOOP('',(#2191,#2192,#2193,#2194));
#1010=EDGE_LOOP('',(#2195,#2196,#2197,#2198,#2199,#2200,#2201,#2202,#2203,
#2204,#2205,#2206,#2207,#2208,#2209,#2210,#2211,#2212,#2213,#2214));
#1011=EDGE_LOOP('',(#2215,#2216,#2217,#2218,#2219));
#1012=EDGE_LOOP('',(#2220));
#1013=EDGE_LOOP('',(#2221));
#1014=EDGE_LOOP('',(#2222));
#1015=EDGE_LOOP('',(#2223,#2224,#2225,#2226));
#1016=EDGE_LOOP('',(#2227,#2228,#2229,#2230));
#1017=EDGE_LOOP('',(#2231,#2232,#2233,#2234));
#1018=EDGE_LOOP('',(#2235,#2236,#2237,#2238));
#1019=EDGE_LOOP('',(#2239,#2240,#2241,#2242));
#1020=EDGE_LOOP('',(#2243,#2244,#2245,#2246));
#1021=EDGE_LOOP('',(#2247,#2248,#2249,#2250));
#1022=EDGE_LOOP('',(#2251,#2252,#2253,#2254));
#1023=EDGE_LOOP('',(#2255,#2256,#2257,#2258));
#1024=EDGE_LOOP('',(#2259,#2260,#2261,#2262));
#1025=EDGE_LOOP('',(#2263,#2264,#2265,#2266));
#1026=EDGE_LOOP('',(#2267,#2268,#2269,#2270));
#1027=EDGE_LOOP('',(#2271,#2272,#2273,#2274));
#1028=EDGE_LOOP('',(#2275,#2276,#2277,#2278));
#1029=EDGE_LOOP('',(#2279,#2280,#2281,#2282));
#1030=EDGE_LOOP('',(#2283,#2284,#2285,#2286));
#1031=EDGE_LOOP('',(#2287,#2288,#2289,#2290));
#1032=EDGE_LOOP('',(#2291,#2292,#2293,#2294));
#1033=EDGE_LOOP('',(#2295,#2296,#2297,#2298));
#1034=EDGE_LOOP('',(#2299,#2300,#2301,#2302));
#1035=EDGE_LOOP('',(#2303,#2304,#2305,#2306));
#1036=EDGE_LOOP('',(#2307,#2308,#2309,#2310));
#1037=EDGE_LOOP('',(#2311,#2312,#2313,#2314));
#1038=EDGE_LOOP('',(#2315,#2316,#2317,#2318));
#1039=EDGE_LOOP('',(#2319,#2320,#2321,#2322));
#1040=EDGE_LOOP('',(#2323,#2324,#2325,#2326,#2327));
#1041=EDGE_LOOP('',(#2328,#2329,#2330,#2331,#2332));
#1042=EDGE_LOOP('',(#2333,#2334,#2335,#2336));
#1043=EDGE_LOOP('',(#2337,#2338,#2339,#2340));
#1044=EDGE_LOOP('',(#2341,#2342,#2343,#2344,#2345,#2346,#2347,#2348));
#1045=EDGE_LOOP('',(#2349,#2350,#2351,#2352));
#1046=EDGE_LOOP('',(#2353,#2354,#2355,#2356,#2357,#2358,#2359,#2360,#2361,
#2362));
#1047=EDGE_LOOP('',(#2363,#2364,#2365,#2366));
#1048=EDGE_LOOP('',(#2367,#2368,#2369,#2370,#2371));
#1049=CIRCLE('',#2575,0.1);
#1050=CIRCLE('',#2576,0.1);
#1051=CIRCLE('',#2577,0.1);
#1052=CIRCLE('',#2579,0.1);
#1053=CIRCLE('',#2580,0.1);
#1054=CIRCLE('',#2581,0.1);
#1055=CIRCLE('',#2583,0.1);
#1056=CIRCLE('',#2584,0.1);
#1057=CIRCLE('',#2585,0.1);
#1058=CIRCLE('',#2592,0.1);
#1059=CIRCLE('',#2593,0.0999999999999998);
#1060=CIRCLE('',#2594,0.0999999999999998);
#1061=CIRCLE('',#2615,0.134632623548939);
#1062=CIRCLE('',#2662,0.134632623548939);
#1063=VERTEX_POINT('',#3207);
#1064=VERTEX_POINT('',#3208);
#1065=VERTEX_POINT('',#3210);
#1066=VERTEX_POINT('',#3214);
#1067=VERTEX_POINT('',#3215);
#1068=VERTEX_POINT('',#3217);
#1069=VERTEX_POINT('',#3221);
#1070=VERTEX_POINT('',#3222);
#1071=VERTEX_POINT('',#3224);
#1072=VERTEX_POINT('',#3231);
#1073=VERTEX_POINT('',#3232);
#1074=VERTEX_POINT('',#3235);
#1075=VERTEX_POINT('',#3237);
#1076=VERTEX_POINT('',#3241);
#1077=VERTEX_POINT('',#3242);
#1078=VERTEX_POINT('',#3244);
#1079=VERTEX_POINT('',#3251);
#1080=VERTEX_POINT('',#3252);
#1081=VERTEX_POINT('',#3255);
#1082=VERTEX_POINT('',#3262);
#1083=VERTEX_POINT('',#3263);
#1084=VERTEX_POINT('',#3266);
#1085=VERTEX_POINT('',#3273);
#1086=VERTEX_POINT('',#3274);
#1087=VERTEX_POINT('',#3277);
#1088=VERTEX_POINT('',#3279);
#1089=VERTEX_POINT('',#3285);
#1090=VERTEX_POINT('',#3289);
#1091=VERTEX_POINT('',#3291);
#1092=VERTEX_POINT('',#3295);
#1093=VERTEX_POINT('',#3297);
#1094=VERTEX_POINT('',#3299);
#1095=VERTEX_POINT('',#3301);
#1096=VERTEX_POINT('',#3303);
#1097=VERTEX_POINT('',#3307);
#1098=VERTEX_POINT('',#3309);
#1099=VERTEX_POINT('',#3311);
#1100=VERTEX_POINT('',#3313);
#1101=VERTEX_POINT('',#3315);
#1102=VERTEX_POINT('',#3317);
#1103=VERTEX_POINT('',#3319);
#1104=VERTEX_POINT('',#3321);
#1105=VERTEX_POINT('',#3323);
#1106=VERTEX_POINT('',#3325);
#1107=VERTEX_POINT('',#3327);
#1108=VERTEX_POINT('',#3330);
#1109=VERTEX_POINT('',#3332);
#1110=VERTEX_POINT('',#3334);
#1111=VERTEX_POINT('',#3336);
#1112=VERTEX_POINT('',#3338);
#1113=VERTEX_POINT('',#3340);
#1114=VERTEX_POINT('',#3342);
#1115=VERTEX_POINT('',#3344);
#1116=VERTEX_POINT('',#3346);
#1117=VERTEX_POINT('',#3348);
#1118=VERTEX_POINT('',#3350);
#1119=VERTEX_POINT('',#3352);
#1120=VERTEX_POINT('',#3354);
#1121=VERTEX_POINT('',#3360);
#1122=VERTEX_POINT('',#3362);
#1123=VERTEX_POINT('',#3363);
#1124=VERTEX_POINT('',#3368);
#1125=VERTEX_POINT('',#3373);
#1126=VERTEX_POINT('',#3378);
#1127=VERTEX_POINT('',#3383);
#1128=VERTEX_POINT('',#3385);
#1129=VERTEX_POINT('',#3387);
#1130=VERTEX_POINT('',#3392);
#1131=VERTEX_POINT('',#3397);
#1132=VERTEX_POINT('',#3402);
#1133=VERTEX_POINT('',#3407);
#1134=VERTEX_POINT('',#3412);
#1135=VERTEX_POINT('',#3417);
#1136=VERTEX_POINT('',#3422);
#1137=VERTEX_POINT('',#3424);
#1138=VERTEX_POINT('',#3426);
#1139=VERTEX_POINT('',#3428);
#1140=VERTEX_POINT('',#3430);
#1141=VERTEX_POINT('',#3432);
#1142=VERTEX_POINT('',#3441);
#1143=VERTEX_POINT('',#3442);
#1144=VERTEX_POINT('',#3444);
#1145=VERTEX_POINT('',#3446);
#1146=VERTEX_POINT('',#3448);
#1147=VERTEX_POINT('',#3450);
#1148=VERTEX_POINT('',#3452);
#1149=VERTEX_POINT('',#3454);
#1150=VERTEX_POINT('',#3456);
#1151=VERTEX_POINT('',#3461);
#1152=VERTEX_POINT('',#3463);
#1153=VERTEX_POINT('',#3466);
#1154=VERTEX_POINT('',#3467);
#1155=VERTEX_POINT('',#3472);
#1156=VERTEX_POINT('',#3477);
#1157=VERTEX_POINT('',#3482);
#1158=VERTEX_POINT('',#3484);
#1159=VERTEX_POINT('',#3486);
#1160=VERTEX_POINT('',#3488);
#1161=VERTEX_POINT('',#3490);
#1162=VERTEX_POINT('',#3496);
#1163=VERTEX_POINT('',#3497);
#1164=VERTEX_POINT('',#3499);
#1165=VERTEX_POINT('',#3501);
#1166=VERTEX_POINT('',#3503);
#1167=VERTEX_POINT('',#3508);
#1168=VERTEX_POINT('',#3513);
#1169=VERTEX_POINT('',#3518);
#1170=VERTEX_POINT('',#3520);
#1171=VERTEX_POINT('',#3522);
#1172=VERTEX_POINT('',#3524);
#1173=VERTEX_POINT('',#3526);
#1174=VERTEX_POINT('',#3528);
#1175=VERTEX_POINT('',#3537);
#1176=VERTEX_POINT('',#3538);
#1177=VERTEX_POINT('',#3540);
#1178=VERTEX_POINT('',#3542);
#1179=VERTEX_POINT('',#3544);
#1180=VERTEX_POINT('',#3546);
#1181=VERTEX_POINT('',#3548);
#1182=VERTEX_POINT('',#3551);
#1183=VERTEX_POINT('',#3552);
#1184=VERTEX_POINT('',#3557);
#1185=VERTEX_POINT('',#3562);
#1186=VERTEX_POINT('',#3579);
#1187=VERTEX_POINT('',#3580);
#1188=VERTEX_POINT('',#3585);
#1189=VERTEX_POINT('',#3587);
#1190=VERTEX_POINT('',#3601);
#1191=VERTEX_POINT('',#3606);
#1192=VERTEX_POINT('',#3620);
#1193=VERTEX_POINT('',#3625);
#1194=VERTEX_POINT('',#3639);
#1195=VERTEX_POINT('',#3644);
#1196=VERTEX_POINT('',#3658);
#1197=VERTEX_POINT('',#3663);
#1198=VERTEX_POINT('',#3677);
#1199=VERTEX_POINT('',#3682);
#1200=VERTEX_POINT('',#3696);
#1201=VERTEX_POINT('',#3701);
#1202=VERTEX_POINT('',#3731);
#1203=VERTEX_POINT('',#3733);
#1204=VERTEX_POINT('',#3747);
#1205=VERTEX_POINT('',#3761);
#1206=VERTEX_POINT('',#3781);
#1207=VERTEX_POINT('',#3783);
#1208=VERTEX_POINT('',#3787);
#1209=VERTEX_POINT('',#3791);
#1210=VERTEX_POINT('',#3795);
#1211=VERTEX_POINT('',#3799);
#1212=VERTEX_POINT('',#3803);
#1213=VERTEX_POINT('',#3810);
#1214=VERTEX_POINT('',#3812);
#1215=VERTEX_POINT('',#3823);
#1216=VERTEX_POINT('',#3837);
#1217=VERTEX_POINT('',#3844);
#1218=VERTEX_POINT('',#3848);
#1219=VERTEX_POINT('',#3852);
#1220=VERTEX_POINT('',#3856);
#1221=VERTEX_POINT('',#3860);
#1222=VERTEX_POINT('',#3871);
#1223=VERTEX_POINT('',#3885);
#1224=VERTEX_POINT('',#3899);
#1225=VERTEX_POINT('',#3906);
#1226=VERTEX_POINT('',#3920);
#1227=VERTEX_POINT('',#3921);
#1228=VERTEX_POINT('',#3926);
#1229=VERTEX_POINT('',#3928);
#1230=VERTEX_POINT('',#3935);
#1231=VERTEX_POINT('',#3937);
#1232=VERTEX_POINT('',#3948);
#1233=VERTEX_POINT('',#3953);
#1234=VERTEX_POINT('',#3967);
#1235=VERTEX_POINT('',#3972);
#1236=VERTEX_POINT('',#4002);
#1237=VERTEX_POINT('',#4004);
#1238=VERTEX_POINT('',#4018);
#1239=VERTEX_POINT('',#4025);
#1240=VERTEX_POINT('',#4029);
#1241=VERTEX_POINT('',#4033);
#1242=VERTEX_POINT('',#4037);
#1243=VERTEX_POINT('',#4041);
#1244=VERTEX_POINT('',#4052);
#1245=VERTEX_POINT('',#4072);
#1246=VERTEX_POINT('',#4074);
#1247=VERTEX_POINT('',#4078);
#1248=VERTEX_POINT('',#4082);
#1249=VERTEX_POINT('',#4086);
#1250=VERTEX_POINT('',#4097);
#1251=VERTEX_POINT('',#4104);
#1252=VERTEX_POINT('',#4108);
#1253=VERTEX_POINT('',#4112);
#1254=VERTEX_POINT('',#4116);
#1255=VERTEX_POINT('',#4120);
#1256=VERTEX_POINT('',#4134);
#1257=VERTEX_POINT('',#4136);
#1258=VERTEX_POINT('',#4150);
#1259=VERTEX_POINT('',#4164);
#1260=VERTEX_POINT('',#4171);
#1261=VERTEX_POINT('',#4175);
#1262=VERTEX_POINT('',#4179);
#1263=VERTEX_POINT('',#4183);
#1264=VERTEX_POINT('',#4187);
#1265=VERTEX_POINT('',#4198);
#1266=VERTEX_POINT('',#4212);
#1267=VERTEX_POINT('',#4226);
#1268=VERTEX_POINT('',#4240);
#1269=VERTEX_POINT('',#4254);
#1270=VERTEX_POINT('',#4268);
#1271=VERTEX_POINT('',#4282);
#1272=VERTEX_POINT('',#4289);
#1273=VERTEX_POINT('',#4293);
#1274=VERTEX_POINT('',#4304);
#1275=VERTEX_POINT('',#4318);
#1276=VERTEX_POINT('',#4339);
#1277=VERTEX_POINT('',#4343);
#1278=VERTEX_POINT('',#4345);
#1279=VERTEX_POINT('',#4349);
#1280=VERTEX_POINT('',#4353);
#1281=VERTEX_POINT('',#4359);
#1282=VERTEX_POINT('',#4363);
#1283=VERTEX_POINT('',#4372);
#1284=VERTEX_POINT('',#4376);
#1285=VERTEX_POINT('',#4384);
#1286=VERTEX_POINT('',#4388);
#1287=VERTEX_POINT('',#4396);
#1288=VERTEX_POINT('',#4398);
#1289=VERTEX_POINT('',#4402);
#1290=VERTEX_POINT('',#4406);
#1291=VERTEX_POINT('',#4412);
#1292=VERTEX_POINT('',#4414);
#1293=VERTEX_POINT('',#4418);
#1294=VERTEX_POINT('',#4422);
#1295=EDGE_CURVE('',#1063,#1064,#1049,.F.);
#1296=EDGE_CURVE('',#1065,#1063,#1050,.F.);
#1297=EDGE_CURVE('',#1064,#1065,#1051,.F.);
#1298=EDGE_CURVE('',#1066,#1067,#1052,.F.);
#1299=EDGE_CURVE('',#1068,#1066,#1053,.F.);
#1300=EDGE_CURVE('',#1067,#1068,#1054,.F.);
#1301=EDGE_CURVE('',#1069,#1070,#1055,.F.);
#1302=EDGE_CURVE('',#1071,#1069,#1056,.F.);
#1303=EDGE_CURVE('',#1070,#1071,#1057,.F.);
#1304=EDGE_CURVE('',#1063,#1071,#238,.T.);
#1305=EDGE_CURVE('',#1069,#1065,#239,.T.);
#1306=EDGE_CURVE('',#1072,#1073,#228,.T.);
#1307=EDGE_CURVE('',#1073,#1070,#240,.T.);
#1308=EDGE_CURVE('',#1071,#1074,#241,.T.);
#1309=EDGE_CURVE('',#1074,#1075,#229,.T.);
#1310=EDGE_CURVE('',#1075,#1072,#230,.T.);
#1311=EDGE_CURVE('',#1076,#1077,#1058,.F.);
#1312=EDGE_CURVE('',#1078,#1076,#1059,.F.);
#1313=EDGE_CURVE('',#1077,#1078,#1060,.F.);
#1314=EDGE_CURVE('',#1070,#1078,#242,.T.);
#1315=EDGE_CURVE('',#1076,#1069,#243,.T.);
#1316=EDGE_CURVE('',#1079,#1080,#231,.T.);
#1317=EDGE_CURVE('',#1080,#1077,#244,.T.);
#1318=EDGE_CURVE('',#1078,#1081,#245,.T.);
#1319=EDGE_CURVE('',#1081,#1079,#232,.T.);
#1320=EDGE_CURVE('',#1077,#1068,#246,.T.);
#1321=EDGE_CURVE('',#1066,#1076,#247,.T.);
#1322=EDGE_CURVE('',#1082,#1083,#233,.T.);
#1323=EDGE_CURVE('',#1083,#1067,#248,.T.);
#1324=EDGE_CURVE('',#1068,#1084,#249,.T.);
#1325=EDGE_CURVE('',#1084,#1082,#234,.T.);
#1326=EDGE_CURVE('',#1067,#1064,#250,.T.);
#1327=EDGE_CURVE('',#1065,#1066,#251,.T.);
#1328=EDGE_CURVE('',#1085,#1086,#235,.T.);
#1329=EDGE_CURVE('',#1086,#1063,#252,.T.);
#1330=EDGE_CURVE('',#1064,#1087,#253,.T.);
#1331=EDGE_CURVE('',#1087,#1088,#236,.T.);
#1332=EDGE_CURVE('',#1088,#1085,#237,.T.);
#1333=EDGE_CURVE('',#1073,#1081,#254,.T.);
#1334=EDGE_CURVE('',#1089,#1072,#255,.T.);
#1335=EDGE_CURVE('',#1089,#1079,#256,.T.);
#1336=EDGE_CURVE('',#1090,#1074,#257,.T.);
#1337=EDGE_CURVE('',#1090,#1091,#258,.T.);
#1338=EDGE_CURVE('',#1075,#1091,#259,.T.);
#1339=EDGE_CURVE('',#1086,#1092,#260,.T.);
#1340=EDGE_CURVE('',#1092,#1093,#261,.T.);
#1341=EDGE_CURVE('',#1093,#1094,#262,.T.);
#1342=EDGE_CURVE('',#1094,#1095,#263,.T.);
#1343=EDGE_CURVE('',#1095,#1096,#264,.T.);
#1344=EDGE_CURVE('',#1096,#1090,#265,.T.);
#1345=EDGE_CURVE('',#1097,#1091,#266,.T.);
#1346=EDGE_CURVE('',#1098,#1097,#267,.T.);
#1347=EDGE_CURVE('',#1099,#1098,#268,.T.);
#1348=EDGE_CURVE('',#1099,#1100,#269,.T.);
#1349=EDGE_CURVE('',#1101,#1100,#270,.T.);
#1350=EDGE_CURVE('',#1102,#1101,#271,.T.);
#1351=EDGE_CURVE('',#1103,#1102,#272,.T.);
#1352=EDGE_CURVE('',#1103,#1104,#273,.T.);
#1353=EDGE_CURVE('',#1105,#1104,#274,.T.);
#1354=EDGE_CURVE('',#1106,#1105,#275,.T.);
#1355=EDGE_CURVE('',#1107,#1106,#276,.T.);
#1356=EDGE_CURVE('',#1107,#1085,#277,.T.);
#1357=EDGE_CURVE('',#1088,#1108,#278,.T.);
#1358=EDGE_CURVE('',#1108,#1109,#279,.T.);
#1359=EDGE_CURVE('',#1109,#1110,#280,.T.);
#1360=EDGE_CURVE('',#1110,#1111,#281,.T.);
#1361=EDGE_CURVE('',#1111,#1112,#282,.T.);
#1362=EDGE_CURVE('',#1112,#1113,#283,.T.);
#1363=EDGE_CURVE('',#1113,#1114,#284,.T.);
#1364=EDGE_CURVE('',#1114,#1115,#285,.T.);
#1365=EDGE_CURVE('',#1115,#1116,#286,.T.);
#1366=EDGE_CURVE('',#1116,#1117,#287,.T.);
#1367=EDGE_CURVE('',#1117,#1118,#288,.T.);
#1368=EDGE_CURVE('',#1118,#1119,#289,.T.);
#1369=EDGE_CURVE('',#1119,#1120,#290,.T.);
#1370=EDGE_CURVE('',#1120,#1089,#291,.T.);
#1371=EDGE_CURVE('',#1107,#1092,#292,.T.);
#1372=EDGE_CURVE('',#1121,#1121,#1061,.T.);
#1373=EDGE_CURVE('',#1122,#1123,#53,.T.);
#1374=EDGE_CURVE('',#1123,#1124,#54,.T.);
#1375=EDGE_CURVE('',#1124,#1125,#55,.T.);
#1376=EDGE_CURVE('',#1125,#1126,#56,.T.);
#1377=EDGE_CURVE('',#1126,#1127,#293,.T.);
#1378=EDGE_CURVE('',#1127,#1128,#294,.T.);
#1379=EDGE_CURVE('',#1128,#1129,#57,.T.);
#1380=EDGE_CURVE('',#1129,#1130,#58,.T.);
#1381=EDGE_CURVE('',#1130,#1131,#59,.T.);
#1382=EDGE_CURVE('',#1131,#1132,#60,.T.);
#1383=EDGE_CURVE('',#1132,#1133,#61,.T.);
#1384=EDGE_CURVE('',#1133,#1134,#62,.T.);
#1385=EDGE_CURVE('',#1134,#1135,#63,.T.);
#1386=EDGE_CURVE('',#1135,#1136,#295,.T.);
#1387=EDGE_CURVE('',#1136,#1137,#296,.T.);
#1388=EDGE_CURVE('',#1137,#1138,#297,.T.);
#1389=EDGE_CURVE('',#1138,#1139,#298,.T.);
#1390=EDGE_CURVE('',#1139,#1140,#299,.T.);
#1391=EDGE_CURVE('',#1140,#1141,#64,.T.);
#1392=EDGE_CURVE('',#1141,#1122,#65,.T.);
#1393=EDGE_CURVE('',#1142,#1143,#300,.T.);
#1394=EDGE_CURVE('',#1143,#1144,#301,.T.);
#1395=EDGE_CURVE('',#1144,#1145,#302,.T.);
#1396=EDGE_CURVE('',#1145,#1146,#303,.T.);
#1397=EDGE_CURVE('',#1146,#1147,#304,.T.);
#1398=EDGE_CURVE('',#1147,#1148,#305,.T.);
#1399=EDGE_CURVE('',#1148,#1149,#306,.T.);
#1400=EDGE_CURVE('',#1149,#1150,#66,.T.);
#1401=EDGE_CURVE('',#1150,#1151,#307,.T.);
#1402=EDGE_CURVE('',#1151,#1152,#308,.T.);
#1403=EDGE_CURVE('',#1152,#1142,#309,.T.);
#1404=EDGE_CURVE('',#1153,#1154,#67,.T.);
#1405=EDGE_CURVE('',#1154,#1155,#68,.T.);
#1406=EDGE_CURVE('',#1155,#1156,#69,.T.);
#1407=EDGE_CURVE('',#1156,#1157,#310,.T.);
#1408=EDGE_CURVE('',#1157,#1158,#311,.T.);
#1409=EDGE_CURVE('',#1158,#1159,#312,.T.);
#1410=EDGE_CURVE('',#1159,#1160,#313,.T.);
#1411=EDGE_CURVE('',#1160,#1161,#314,.T.);
#1412=EDGE_CURVE('',#1161,#1153,#70,.T.);
#1413=EDGE_CURVE('',#1162,#1163,#315,.T.);
#1414=EDGE_CURVE('',#1163,#1164,#316,.T.);
#1415=EDGE_CURVE('',#1164,#1165,#317,.T.);
#1416=EDGE_CURVE('',#1165,#1166,#71,.T.);
#1417=EDGE_CURVE('',#1166,#1167,#72,.T.);
#1418=EDGE_CURVE('',#1167,#1168,#73,.T.);
#1419=EDGE_CURVE('',#1168,#1169,#318,.T.);
#1420=EDGE_CURVE('',#1169,#1170,#319,.T.);
#1421=EDGE_CURVE('',#1170,#1171,#320,.T.);
#1422=EDGE_CURVE('',#1171,#1172,#321,.T.);
#1423=EDGE_CURVE('',#1172,#1173,#322,.T.);
#1424=EDGE_CURVE('',#1173,#1174,#74,.T.);
#1425=EDGE_CURVE('',#1174,#1162,#75,.T.);
#1426=EDGE_CURVE('',#1175,#1176,#323,.T.);
#1427=EDGE_CURVE('',#1176,#1177,#324,.T.);
#1428=EDGE_CURVE('',#1177,#1178,#325,.T.);
#1429=EDGE_CURVE('',#1178,#1179,#326,.T.);
#1430=EDGE_CURVE('',#1179,#1180,#327,.T.);
#1431=EDGE_CURVE('',#1180,#1181,#328,.T.);
#1432=EDGE_CURVE('',#1181,#1175,#329,.T.);
#1433=EDGE_CURVE('',#1182,#1183,#76,.T.);
#1434=EDGE_CURVE('',#1183,#1184,#77,.T.);
#1435=EDGE_CURVE('',#1184,#1185,#78,.T.);
#1436=EDGE_CURVE('',#1185,#1182,#79,.T.);
#1437=EDGE_CURVE('',#1186,#1187,#80,.T.);
#1438=EDGE_CURVE('',#1186,#1188,#330,.T.);
#1439=EDGE_CURVE('',#1188,#1189,#81,.T.);
#1440=EDGE_CURVE('',#1187,#1189,#331,.T.);
#1441=EDGE_CURVE('',#1187,#1190,#82,.T.);
#1442=EDGE_CURVE('',#1189,#1191,#83,.T.);
#1443=EDGE_CURVE('',#1190,#1191,#332,.T.);
#1444=EDGE_CURVE('',#1190,#1192,#84,.T.);
#1445=EDGE_CURVE('',#1191,#1193,#85,.T.);
#1446=EDGE_CURVE('',#1192,#1193,#333,.T.);
#1447=EDGE_CURVE('',#1192,#1194,#86,.T.);
#1448=EDGE_CURVE('',#1193,#1195,#87,.T.);
#1449=EDGE_CURVE('',#1194,#1195,#334,.T.);
#1450=EDGE_CURVE('',#1194,#1196,#88,.T.);
#1451=EDGE_CURVE('',#1195,#1197,#89,.T.);
#1452=EDGE_CURVE('',#1196,#1197,#335,.T.);
#1453=EDGE_CURVE('',#1196,#1198,#90,.T.);
#1454=EDGE_CURVE('',#1197,#1199,#91,.T.);
#1455=EDGE_CURVE('',#1198,#1199,#336,.T.);
#1456=EDGE_CURVE('',#1198,#1200,#92,.T.);
#1457=EDGE_CURVE('',#1199,#1201,#93,.T.);
#1458=EDGE_CURVE('',#1200,#1201,#337,.T.);
#1459=EDGE_CURVE('',#1200,#1186,#94,.T.);
#1460=EDGE_CURVE('',#1201,#1188,#95,.T.);
#1461=EDGE_CURVE('',#1182,#1202,#338,.T.);
#1462=EDGE_CURVE('',#1202,#1203,#96,.T.);
#1463=EDGE_CURVE('',#1183,#1203,#339,.T.);
#1464=EDGE_CURVE('',#1185,#1204,#340,.T.);
#1465=EDGE_CURVE('',#1204,#1202,#97,.T.);
#1466=EDGE_CURVE('',#1184,#1205,#341,.T.);
#1467=EDGE_CURVE('',#1205,#1204,#98,.T.);
#1468=EDGE_CURVE('',#1203,#1205,#99,.T.);
#1469=EDGE_CURVE('',#1175,#1206,#342,.T.);
#1470=EDGE_CURVE('',#1206,#1207,#343,.T.);
#1471=EDGE_CURVE('',#1176,#1207,#344,.T.);
#1472=EDGE_CURVE('',#1181,#1208,#345,.T.);
#1473=EDGE_CURVE('',#1208,#1206,#346,.T.);
#1474=EDGE_CURVE('',#1180,#1209,#347,.T.);
#1475=EDGE_CURVE('',#1209,#1208,#348,.T.);
#1476=EDGE_CURVE('',#1179,#1210,#349,.T.);
#1477=EDGE_CURVE('',#1210,#1209,#350,.T.);
#1478=EDGE_CURVE('',#1178,#1211,#351,.T.);
#1479=EDGE_CURVE('',#1211,#1210,#352,.T.);
#1480=EDGE_CURVE('',#1177,#1212,#353,.T.);
#1481=EDGE_CURVE('',#1212,#1211,#354,.T.);
#1482=EDGE_CURVE('',#1207,#1212,#355,.T.);
#1483=EDGE_CURVE('',#1162,#1213,#356,.T.);
#1484=EDGE_CURVE('',#1213,#1214,#357,.T.);
#1485=EDGE_CURVE('',#1163,#1214,#358,.T.);
#1486=EDGE_CURVE('',#1174,#1215,#359,.T.);
#1487=EDGE_CURVE('',#1215,#1213,#100,.T.);
#1488=EDGE_CURVE('',#1173,#1216,#360,.T.);
#1489=EDGE_CURVE('',#1216,#1215,#101,.T.);
#1490=EDGE_CURVE('',#1172,#1217,#361,.T.);
#1491=EDGE_CURVE('',#1217,#1216,#362,.T.);
#1492=EDGE_CURVE('',#1171,#1218,#363,.T.);
#1493=EDGE_CURVE('',#1218,#1217,#364,.T.);
#1494=EDGE_CURVE('',#1170,#1219,#365,.T.);
#1495=EDGE_CURVE('',#1219,#1218,#366,.T.);
#1496=EDGE_CURVE('',#1169,#1220,#367,.T.);
#1497=EDGE_CURVE('',#1220,#1219,#368,.T.);
#1498=EDGE_CURVE('',#1168,#1221,#369,.T.);
#1499=EDGE_CURVE('',#1221,#1220,#370,.T.);
#1500=EDGE_CURVE('',#1167,#1222,#371,.T.);
#1501=EDGE_CURVE('',#1222,#1221,#102,.T.);
#1502=EDGE_CURVE('',#1166,#1223,#372,.T.);
#1503=EDGE_CURVE('',#1223,#1222,#103,.T.);
#1504=EDGE_CURVE('',#1165,#1224,#373,.T.);
#1505=EDGE_CURVE('',#1224,#1223,#104,.T.);
#1506=EDGE_CURVE('',#1164,#1225,#374,.T.);
#1507=EDGE_CURVE('',#1225,#1224,#375,.T.);
#1508=EDGE_CURVE('',#1214,#1225,#376,.T.);
#1509=EDGE_CURVE('',#1226,#1227,#105,.T.);
#1510=EDGE_CURVE('',#1226,#1228,#377,.T.);
#1511=EDGE_CURVE('',#1228,#1229,#106,.T.);
#1512=EDGE_CURVE('',#1227,#1229,#378,.T.);
#1513=EDGE_CURVE('',#1227,#1230,#379,.T.);
#1514=EDGE_CURVE('',#1229,#1231,#380,.T.);
#1515=EDGE_CURVE('',#1230,#1231,#381,.T.);
#1516=EDGE_CURVE('',#1230,#1232,#107,.T.);
#1517=EDGE_CURVE('',#1231,#1233,#108,.T.);
#1518=EDGE_CURVE('',#1232,#1233,#382,.T.);
#1519=EDGE_CURVE('',#1232,#1234,#109,.T.);
#1520=EDGE_CURVE('',#1233,#1235,#110,.T.);
#1521=EDGE_CURVE('',#1234,#1235,#383,.T.);
#1522=EDGE_CURVE('',#1234,#1226,#111,.T.);
#1523=EDGE_CURVE('',#1235,#1228,#112,.T.);
#1524=EDGE_CURVE('',#1153,#1236,#384,.T.);
#1525=EDGE_CURVE('',#1236,#1237,#113,.T.);
#1526=EDGE_CURVE('',#1154,#1237,#385,.T.);
#1527=EDGE_CURVE('',#1161,#1238,#386,.T.);
#1528=EDGE_CURVE('',#1238,#1236,#114,.T.);
#1529=EDGE_CURVE('',#1160,#1239,#387,.T.);
#1530=EDGE_CURVE('',#1239,#1238,#388,.T.);
#1531=EDGE_CURVE('',#1159,#1240,#389,.T.);
#1532=EDGE_CURVE('',#1240,#1239,#390,.T.);
#1533=EDGE_CURVE('',#1158,#1241,#391,.T.);
#1534=EDGE_CURVE('',#1241,#1240,#392,.T.);
#1535=EDGE_CURVE('',#1157,#1242,#393,.T.);
#1536=EDGE_CURVE('',#1242,#1241,#394,.T.);
#1537=EDGE_CURVE('',#1156,#1243,#395,.T.);
#1538=EDGE_CURVE('',#1243,#1242,#396,.T.);
#1539=EDGE_CURVE('',#1155,#1244,#397,.T.);
#1540=EDGE_CURVE('',#1244,#1243,#115,.T.);
#1541=EDGE_CURVE('',#1237,#1244,#116,.T.);
#1542=EDGE_CURVE('',#1142,#1245,#398,.T.);
#1543=EDGE_CURVE('',#1245,#1246,#399,.T.);
#1544=EDGE_CURVE('',#1143,#1246,#400,.T.);
#1545=EDGE_CURVE('',#1152,#1247,#401,.T.);
#1546=EDGE_CURVE('',#1247,#1245,#402,.T.);
#1547=EDGE_CURVE('',#1151,#1248,#403,.T.);
#1548=EDGE_CURVE('',#1248,#1247,#404,.T.);
#1549=EDGE_CURVE('',#1150,#1249,#405,.T.);
#1550=EDGE_CURVE('',#1249,#1248,#406,.T.);
#1551=EDGE_CURVE('',#1149,#1250,#407,.T.);
#1552=EDGE_CURVE('',#1250,#1249,#117,.T.);
#1553=EDGE_CURVE('',#1148,#1251,#408,.T.);
#1554=EDGE_CURVE('',#1251,#1250,#409,.T.);
#1555=EDGE_CURVE('',#1147,#1252,#410,.T.);
#1556=EDGE_CURVE('',#1252,#1251,#411,.T.);
#1557=EDGE_CURVE('',#1146,#1253,#412,.T.);
#1558=EDGE_CURVE('',#1253,#1252,#413,.T.);
#1559=EDGE_CURVE('',#1145,#1254,#414,.T.);
#1560=EDGE_CURVE('',#1254,#1253,#415,.T.);
#1561=EDGE_CURVE('',#1144,#1255,#416,.T.);
#1562=EDGE_CURVE('',#1255,#1254,#417,.T.);
#1563=EDGE_CURVE('',#1246,#1255,#418,.T.);
#1564=EDGE_CURVE('',#1122,#1256,#419,.T.);
#1565=EDGE_CURVE('',#1256,#1257,#118,.T.);
#1566=EDGE_CURVE('',#1123,#1257,#420,.T.);
#1567=EDGE_CURVE('',#1141,#1258,#421,.T.);
#1568=EDGE_CURVE('',#1258,#1256,#119,.T.);
#1569=EDGE_CURVE('',#1140,#1259,#422,.T.);
#1570=EDGE_CURVE('',#1259,#1258,#120,.T.);
#1571=EDGE_CURVE('',#1139,#1260,#423,.T.);
#1572=EDGE_CURVE('',#1260,#1259,#424,.T.);
#1573=EDGE_CURVE('',#1138,#1261,#425,.T.);
#1574=EDGE_CURVE('',#1261,#1260,#426,.T.);
#1575=EDGE_CURVE('',#1137,#1262,#427,.T.);
#1576=EDGE_CURVE('',#1262,#1261,#428,.T.);
#1577=EDGE_CURVE('',#1136,#1263,#429,.T.);
#1578=EDGE_CURVE('',#1263,#1262,#430,.T.);
#1579=EDGE_CURVE('',#1135,#1264,#431,.T.);
#1580=EDGE_CURVE('',#1264,#1263,#432,.T.);
#1581=EDGE_CURVE('',#1134,#1265,#433,.T.);
#1582=EDGE_CURVE('',#1265,#1264,#121,.T.);
#1583=EDGE_CURVE('',#1133,#1266,#434,.T.);
#1584=EDGE_CURVE('',#1266,#1265,#122,.T.);
#1585=EDGE_CURVE('',#1132,#1267,#435,.T.);
#1586=EDGE_CURVE('',#1267,#1266,#123,.T.);
#1587=EDGE_CURVE('',#1131,#1268,#436,.T.);
#1588=EDGE_CURVE('',#1268,#1267,#124,.T.);
#1589=EDGE_CURVE('',#1130,#1269,#437,.T.);
#1590=EDGE_CURVE('',#1269,#1268,#125,.T.);
#1591=EDGE_CURVE('',#1129,#1270,#438,.T.);
#1592=EDGE_CURVE('',#1270,#1269,#126,.T.);
#1593=EDGE_CURVE('',#1128,#1271,#439,.T.);
#1594=EDGE_CURVE('',#1271,#1270,#127,.T.);
#1595=EDGE_CURVE('',#1127,#1272,#440,.T.);
#1596=EDGE_CURVE('',#1272,#1271,#441,.T.);
#1597=EDGE_CURVE('',#1126,#1273,#442,.T.);
#1598=EDGE_CURVE('',#1273,#1272,#443,.T.);
#1599=EDGE_CURVE('',#1125,#1274,#444,.T.);
#1600=EDGE_CURVE('',#1274,#1273,#128,.T.);
#1601=EDGE_CURVE('',#1124,#1275,#445,.T.);
#1602=EDGE_CURVE('',#1275,#1274,#129,.T.);
#1603=EDGE_CURVE('',#1257,#1275,#130,.T.);
#1604=EDGE_CURVE('',#1276,#1276,#1062,.T.);
#1605=EDGE_CURVE('',#1114,#1277,#446,.T.);
#1606=EDGE_CURVE('',#1278,#1277,#447,.T.);
#1607=EDGE_CURVE('',#1115,#1278,#448,.T.);
#1608=EDGE_CURVE('',#1279,#1278,#449,.T.);
#1609=EDGE_CURVE('',#1116,#1279,#450,.T.);
#1610=EDGE_CURVE('',#1280,#1113,#451,.T.);
#1611=EDGE_CURVE('',#1277,#1280,#452,.T.);
#1612=EDGE_CURVE('',#1279,#1280,#453,.T.);
#1613=EDGE_CURVE('',#1281,#1090,#454,.T.);
#1614=EDGE_CURVE('',#1097,#1281,#455,.T.);
#1615=EDGE_CURVE('',#1282,#1281,#456,.T.);
#1616=EDGE_CURVE('',#1098,#1282,#457,.T.);
#1617=EDGE_CURVE('',#1096,#1282,#458,.T.);
#1618=EDGE_CURVE('',#1099,#1096,#459,.T.);
#1619=EDGE_CURVE('',#1093,#1104,#460,.T.);
#1620=EDGE_CURVE('',#1283,#1093,#461,.T.);
#1621=EDGE_CURVE('',#1105,#1283,#462,.T.);
#1622=EDGE_CURVE('',#1284,#1283,#463,.T.);
#1623=EDGE_CURVE('',#1106,#1284,#464,.T.);
#1624=EDGE_CURVE('',#1092,#1284,#465,.T.);
#1625=EDGE_CURVE('',#1095,#1100,#466,.T.);
#1626=EDGE_CURVE('',#1285,#1095,#467,.T.);
#1627=EDGE_CURVE('',#1101,#1285,#468,.T.);
#1628=EDGE_CURVE('',#1286,#1285,#469,.T.);
#1629=EDGE_CURVE('',#1102,#1286,#470,.T.);
#1630=EDGE_CURVE('',#1094,#1286,#471,.T.);
#1631=EDGE_CURVE('',#1103,#1094,#472,.T.);
#1632=EDGE_CURVE('',#1110,#1287,#473,.T.);
#1633=EDGE_CURVE('',#1288,#1287,#474,.T.);
#1634=EDGE_CURVE('',#1111,#1288,#475,.T.);
#1635=EDGE_CURVE('',#1289,#1288,#476,.T.);
#1636=EDGE_CURVE('',#1112,#1289,#477,.T.);
#1637=EDGE_CURVE('',#1290,#1109,#478,.T.);
#1638=EDGE_CURVE('',#1287,#1290,#479,.T.);
#1639=EDGE_CURVE('',#1289,#1290,#480,.T.);
#1640=EDGE_CURVE('',#1118,#1291,#481,.T.);
#1641=EDGE_CURVE('',#1292,#1291,#482,.T.);
#1642=EDGE_CURVE('',#1119,#1292,#483,.T.);
#1643=EDGE_CURVE('',#1293,#1292,#484,.T.);
#1644=EDGE_CURVE('',#1120,#1293,#485,.T.);
#1645=EDGE_CURVE('',#1294,#1117,#486,.T.);
#1646=EDGE_CURVE('',#1291,#1294,#487,.T.);
#1647=EDGE_CURVE('',#1293,#1294,#488,.T.);
#1648=EDGE_CURVE('',#1080,#1293,#489,.T.);
#1649=EDGE_CURVE('',#1290,#1084,#490,.T.);
#1650=EDGE_CURVE('',#1108,#1082,#491,.T.);
#1651=EDGE_CURVE('',#1294,#1279,#492,.T.);
#1652=EDGE_CURVE('',#1280,#1289,#493,.T.);
#1653=EDGE_CURVE('',#1083,#1087,#494,.T.);
#1654=ORIENTED_EDGE('',*,*,#1295,.F.);
#1655=ORIENTED_EDGE('',*,*,#1296,.F.);
#1656=ORIENTED_EDGE('',*,*,#1297,.F.);
#1657=ORIENTED_EDGE('',*,*,#1298,.F.);
#1658=ORIENTED_EDGE('',*,*,#1299,.F.);
#1659=ORIENTED_EDGE('',*,*,#1300,.F.);
#1660=ORIENTED_EDGE('',*,*,#1301,.F.);
#1661=ORIENTED_EDGE('',*,*,#1302,.F.);
#1662=ORIENTED_EDGE('',*,*,#1303,.F.);
#1663=ORIENTED_EDGE('',*,*,#1296,.T.);
#1664=ORIENTED_EDGE('',*,*,#1304,.T.);
#1665=ORIENTED_EDGE('',*,*,#1302,.T.);
#1666=ORIENTED_EDGE('',*,*,#1305,.T.);
#1667=ORIENTED_EDGE('',*,*,#1306,.T.);
#1668=ORIENTED_EDGE('',*,*,#1307,.T.);
#1669=ORIENTED_EDGE('',*,*,#1303,.T.);
#1670=ORIENTED_EDGE('',*,*,#1308,.T.);
#1671=ORIENTED_EDGE('',*,*,#1309,.T.);
#1672=ORIENTED_EDGE('',*,*,#1310,.T.);
#1673=ORIENTED_EDGE('',*,*,#1311,.F.);
#1674=ORIENTED_EDGE('',*,*,#1312,.F.);
#1675=ORIENTED_EDGE('',*,*,#1313,.F.);
#1676=ORIENTED_EDGE('',*,*,#1301,.T.);
#1677=ORIENTED_EDGE('',*,*,#1314,.T.);
#1678=ORIENTED_EDGE('',*,*,#1312,.T.);
#1679=ORIENTED_EDGE('',*,*,#1315,.T.);
#1680=ORIENTED_EDGE('',*,*,#1316,.T.);
#1681=ORIENTED_EDGE('',*,*,#1317,.T.);
#1682=ORIENTED_EDGE('',*,*,#1313,.T.);
#1683=ORIENTED_EDGE('',*,*,#1318,.T.);
#1684=ORIENTED_EDGE('',*,*,#1319,.T.);
#1685=ORIENTED_EDGE('',*,*,#1311,.T.);
#1686=ORIENTED_EDGE('',*,*,#1320,.T.);
#1687=ORIENTED_EDGE('',*,*,#1299,.T.);
#1688=ORIENTED_EDGE('',*,*,#1321,.T.);
#1689=ORIENTED_EDGE('',*,*,#1322,.T.);
#1690=ORIENTED_EDGE('',*,*,#1323,.T.);
#1691=ORIENTED_EDGE('',*,*,#1300,.T.);
#1692=ORIENTED_EDGE('',*,*,#1324,.T.);
#1693=ORIENTED_EDGE('',*,*,#1325,.T.);
#1694=ORIENTED_EDGE('',*,*,#1298,.T.);
#1695=ORIENTED_EDGE('',*,*,#1326,.T.);
#1696=ORIENTED_EDGE('',*,*,#1297,.T.);
#1697=ORIENTED_EDGE('',*,*,#1327,.T.);
#1698=ORIENTED_EDGE('',*,*,#1328,.T.);
#1699=ORIENTED_EDGE('',*,*,#1329,.T.);
#1700=ORIENTED_EDGE('',*,*,#1295,.T.);
#1701=ORIENTED_EDGE('',*,*,#1330,.T.);
#1702=ORIENTED_EDGE('',*,*,#1331,.T.);
#1703=ORIENTED_EDGE('',*,*,#1332,.T.);
#1704=ORIENTED_EDGE('',*,*,#1318,.F.);
#1705=ORIENTED_EDGE('',*,*,#1314,.F.);
#1706=ORIENTED_EDGE('',*,*,#1307,.F.);
#1707=ORIENTED_EDGE('',*,*,#1333,.T.);
#1708=ORIENTED_EDGE('',*,*,#1319,.F.);
#1709=ORIENTED_EDGE('',*,*,#1333,.F.);
#1710=ORIENTED_EDGE('',*,*,#1306,.F.);
#1711=ORIENTED_EDGE('',*,*,#1334,.F.);
#1712=ORIENTED_EDGE('',*,*,#1335,.T.);
#1713=ORIENTED_EDGE('',*,*,#1309,.F.);
#1714=ORIENTED_EDGE('',*,*,#1336,.F.);
#1715=ORIENTED_EDGE('',*,*,#1337,.T.);
#1716=ORIENTED_EDGE('',*,*,#1338,.F.);
#1717=ORIENTED_EDGE('',*,*,#1308,.F.);
#1718=ORIENTED_EDGE('',*,*,#1304,.F.);
#1719=ORIENTED_EDGE('',*,*,#1329,.F.);
#1720=ORIENTED_EDGE('',*,*,#1339,.T.);
#1721=ORIENTED_EDGE('',*,*,#1340,.T.);
#1722=ORIENTED_EDGE('',*,*,#1341,.T.);
#1723=ORIENTED_EDGE('',*,*,#1342,.T.);
#1724=ORIENTED_EDGE('',*,*,#1343,.T.);
#1725=ORIENTED_EDGE('',*,*,#1344,.T.);
#1726=ORIENTED_EDGE('',*,*,#1336,.T.);
#1727=ORIENTED_EDGE('',*,*,#1310,.F.);
#1728=ORIENTED_EDGE('',*,*,#1338,.T.);
#1729=ORIENTED_EDGE('',*,*,#1345,.F.);
#1730=ORIENTED_EDGE('',*,*,#1346,.F.);
#1731=ORIENTED_EDGE('',*,*,#1347,.F.);
#1732=ORIENTED_EDGE('',*,*,#1348,.T.);
#1733=ORIENTED_EDGE('',*,*,#1349,.F.);
#1734=ORIENTED_EDGE('',*,*,#1350,.F.);
#1735=ORIENTED_EDGE('',*,*,#1351,.F.);
#1736=ORIENTED_EDGE('',*,*,#1352,.T.);
#1737=ORIENTED_EDGE('',*,*,#1353,.F.);
#1738=ORIENTED_EDGE('',*,*,#1354,.F.);
#1739=ORIENTED_EDGE('',*,*,#1355,.F.);
#1740=ORIENTED_EDGE('',*,*,#1356,.T.);
#1741=ORIENTED_EDGE('',*,*,#1332,.F.);
#1742=ORIENTED_EDGE('',*,*,#1357,.T.);
#1743=ORIENTED_EDGE('',*,*,#1358,.T.);
#1744=ORIENTED_EDGE('',*,*,#1359,.T.);
#1745=ORIENTED_EDGE('',*,*,#1360,.T.);
#1746=ORIENTED_EDGE('',*,*,#1361,.T.);
#1747=ORIENTED_EDGE('',*,*,#1362,.T.);
#1748=ORIENTED_EDGE('',*,*,#1363,.T.);
#1749=ORIENTED_EDGE('',*,*,#1364,.T.);
#1750=ORIENTED_EDGE('',*,*,#1365,.T.);
#1751=ORIENTED_EDGE('',*,*,#1366,.T.);
#1752=ORIENTED_EDGE('',*,*,#1367,.T.);
#1753=ORIENTED_EDGE('',*,*,#1368,.T.);
#1754=ORIENTED_EDGE('',*,*,#1369,.T.);
#1755=ORIENTED_EDGE('',*,*,#1370,.T.);
#1756=ORIENTED_EDGE('',*,*,#1334,.T.);
#1757=ORIENTED_EDGE('',*,*,#1328,.F.);
#1758=ORIENTED_EDGE('',*,*,#1356,.F.);
#1759=ORIENTED_EDGE('',*,*,#1371,.T.);
#1760=ORIENTED_EDGE('',*,*,#1339,.F.);
#1761=ORIENTED_EDGE('',*,*,#1305,.F.);
#1762=ORIENTED_EDGE('',*,*,#1315,.F.);
#1763=ORIENTED_EDGE('',*,*,#1321,.F.);
#1764=ORIENTED_EDGE('',*,*,#1327,.F.);
#1765=ORIENTED_EDGE('',*,*,#1372,.T.);
#1766=ORIENTED_EDGE('',*,*,#1373,.T.);
#1767=ORIENTED_EDGE('',*,*,#1374,.T.);
#1768=ORIENTED_EDGE('',*,*,#1375,.T.);
#1769=ORIENTED_EDGE('',*,*,#1376,.T.);
#1770=ORIENTED_EDGE('',*,*,#1377,.T.);
#1771=ORIENTED_EDGE('',*,*,#1378,.T.);
#1772=ORIENTED_EDGE('',*,*,#1379,.T.);
#1773=ORIENTED_EDGE('',*,*,#1380,.T.);
#1774=ORIENTED_EDGE('',*,*,#1381,.T.);
#1775=ORIENTED_EDGE('',*,*,#1382,.T.);
#1776=ORIENTED_EDGE('',*,*,#1383,.T.);
#1777=ORIENTED_EDGE('',*,*,#1384,.T.);
#1778=ORIENTED_EDGE('',*,*,#1385,.T.);
#1779=ORIENTED_EDGE('',*,*,#1386,.T.);
#1780=ORIENTED_EDGE('',*,*,#1387,.T.);
#1781=ORIENTED_EDGE('',*,*,#1388,.T.);
#1782=ORIENTED_EDGE('',*,*,#1389,.T.);
#1783=ORIENTED_EDGE('',*,*,#1390,.T.);
#1784=ORIENTED_EDGE('',*,*,#1391,.T.);
#1785=ORIENTED_EDGE('',*,*,#1392,.T.);
#1786=ORIENTED_EDGE('',*,*,#1393,.T.);
#1787=ORIENTED_EDGE('',*,*,#1394,.T.);
#1788=ORIENTED_EDGE('',*,*,#1395,.T.);
#1789=ORIENTED_EDGE('',*,*,#1396,.T.);
#1790=ORIENTED_EDGE('',*,*,#1397,.T.);
#1791=ORIENTED_EDGE('',*,*,#1398,.T.);
#1792=ORIENTED_EDGE('',*,*,#1399,.T.);
#1793=ORIENTED_EDGE('',*,*,#1400,.T.);
#1794=ORIENTED_EDGE('',*,*,#1401,.T.);
#1795=ORIENTED_EDGE('',*,*,#1402,.T.);
#1796=ORIENTED_EDGE('',*,*,#1403,.T.);
#1797=ORIENTED_EDGE('',*,*,#1404,.T.);
#1798=ORIENTED_EDGE('',*,*,#1405,.T.);
#1799=ORIENTED_EDGE('',*,*,#1406,.T.);
#1800=ORIENTED_EDGE('',*,*,#1407,.T.);
#1801=ORIENTED_EDGE('',*,*,#1408,.T.);
#1802=ORIENTED_EDGE('',*,*,#1409,.T.);
#1803=ORIENTED_EDGE('',*,*,#1410,.T.);
#1804=ORIENTED_EDGE('',*,*,#1411,.T.);
#1805=ORIENTED_EDGE('',*,*,#1412,.T.);
#1806=ORIENTED_EDGE('',*,*,#1413,.T.);
#1807=ORIENTED_EDGE('',*,*,#1414,.T.);
#1808=ORIENTED_EDGE('',*,*,#1415,.T.);
#1809=ORIENTED_EDGE('',*,*,#1416,.T.);
#1810=ORIENTED_EDGE('',*,*,#1417,.T.);
#1811=ORIENTED_EDGE('',*,*,#1418,.T.);
#1812=ORIENTED_EDGE('',*,*,#1419,.T.);
#1813=ORIENTED_EDGE('',*,*,#1420,.T.);
#1814=ORIENTED_EDGE('',*,*,#1421,.T.);
#1815=ORIENTED_EDGE('',*,*,#1422,.T.);
#1816=ORIENTED_EDGE('',*,*,#1423,.T.);
#1817=ORIENTED_EDGE('',*,*,#1424,.T.);
#1818=ORIENTED_EDGE('',*,*,#1425,.T.);
#1819=ORIENTED_EDGE('',*,*,#1426,.T.);
#1820=ORIENTED_EDGE('',*,*,#1427,.T.);
#1821=ORIENTED_EDGE('',*,*,#1428,.T.);
#1822=ORIENTED_EDGE('',*,*,#1429,.T.);
#1823=ORIENTED_EDGE('',*,*,#1430,.T.);
#1824=ORIENTED_EDGE('',*,*,#1431,.T.);
#1825=ORIENTED_EDGE('',*,*,#1432,.T.);
#1826=ORIENTED_EDGE('',*,*,#1433,.T.);
#1827=ORIENTED_EDGE('',*,*,#1434,.T.);
#1828=ORIENTED_EDGE('',*,*,#1435,.T.);
#1829=ORIENTED_EDGE('',*,*,#1436,.T.);
#1830=ORIENTED_EDGE('',*,*,#1437,.F.);
#1831=ORIENTED_EDGE('',*,*,#1438,.T.);
#1832=ORIENTED_EDGE('',*,*,#1439,.T.);
#1833=ORIENTED_EDGE('',*,*,#1440,.F.);
#1834=ORIENTED_EDGE('',*,*,#1441,.F.);
#1835=ORIENTED_EDGE('',*,*,#1440,.T.);
#1836=ORIENTED_EDGE('',*,*,#1442,.T.);
#1837=ORIENTED_EDGE('',*,*,#1443,.F.);
#1838=ORIENTED_EDGE('',*,*,#1444,.F.);
#1839=ORIENTED_EDGE('',*,*,#1443,.T.);
#1840=ORIENTED_EDGE('',*,*,#1445,.T.);
#1841=ORIENTED_EDGE('',*,*,#1446,.F.);
#1842=ORIENTED_EDGE('',*,*,#1447,.F.);
#1843=ORIENTED_EDGE('',*,*,#1446,.T.);
#1844=ORIENTED_EDGE('',*,*,#1448,.T.);
#1845=ORIENTED_EDGE('',*,*,#1449,.F.);
#1846=ORIENTED_EDGE('',*,*,#1450,.F.);
#1847=ORIENTED_EDGE('',*,*,#1449,.T.);
#1848=ORIENTED_EDGE('',*,*,#1451,.T.);
#1849=ORIENTED_EDGE('',*,*,#1452,.F.);
#1850=ORIENTED_EDGE('',*,*,#1453,.F.);
#1851=ORIENTED_EDGE('',*,*,#1452,.T.);
#1852=ORIENTED_EDGE('',*,*,#1454,.T.);
#1853=ORIENTED_EDGE('',*,*,#1455,.F.);
#1854=ORIENTED_EDGE('',*,*,#1456,.F.);
#1855=ORIENTED_EDGE('',*,*,#1455,.T.);
#1856=ORIENTED_EDGE('',*,*,#1457,.T.);
#1857=ORIENTED_EDGE('',*,*,#1458,.F.);
#1858=ORIENTED_EDGE('',*,*,#1459,.F.);
#1859=ORIENTED_EDGE('',*,*,#1458,.T.);
#1860=ORIENTED_EDGE('',*,*,#1460,.T.);
#1861=ORIENTED_EDGE('',*,*,#1438,.F.);
#1862=ORIENTED_EDGE('',*,*,#1433,.F.);
#1863=ORIENTED_EDGE('',*,*,#1461,.T.);
#1864=ORIENTED_EDGE('',*,*,#1462,.T.);
#1865=ORIENTED_EDGE('',*,*,#1463,.F.);
#1866=ORIENTED_EDGE('',*,*,#1436,.F.);
#1867=ORIENTED_EDGE('',*,*,#1464,.T.);
#1868=ORIENTED_EDGE('',*,*,#1465,.T.);
#1869=ORIENTED_EDGE('',*,*,#1461,.F.);
#1870=ORIENTED_EDGE('',*,*,#1435,.F.);
#1871=ORIENTED_EDGE('',*,*,#1466,.T.);
#1872=ORIENTED_EDGE('',*,*,#1467,.T.);
#1873=ORIENTED_EDGE('',*,*,#1464,.F.);
#1874=ORIENTED_EDGE('',*,*,#1434,.F.);
#1875=ORIENTED_EDGE('',*,*,#1463,.T.);
#1876=ORIENTED_EDGE('',*,*,#1468,.T.);
#1877=ORIENTED_EDGE('',*,*,#1466,.F.);
#1878=ORIENTED_EDGE('',*,*,#1468,.F.);
#1879=ORIENTED_EDGE('',*,*,#1462,.F.);
#1880=ORIENTED_EDGE('',*,*,#1465,.F.);
#1881=ORIENTED_EDGE('',*,*,#1467,.F.);
#1882=ORIENTED_EDGE('',*,*,#1439,.F.);
#1883=ORIENTED_EDGE('',*,*,#1460,.F.);
#1884=ORIENTED_EDGE('',*,*,#1457,.F.);
#1885=ORIENTED_EDGE('',*,*,#1454,.F.);
#1886=ORIENTED_EDGE('',*,*,#1451,.F.);
#1887=ORIENTED_EDGE('',*,*,#1448,.F.);
#1888=ORIENTED_EDGE('',*,*,#1445,.F.);
#1889=ORIENTED_EDGE('',*,*,#1442,.F.);
#1890=ORIENTED_EDGE('',*,*,#1426,.F.);
#1891=ORIENTED_EDGE('',*,*,#1469,.T.);
#1892=ORIENTED_EDGE('',*,*,#1470,.T.);
#1893=ORIENTED_EDGE('',*,*,#1471,.F.);
#1894=ORIENTED_EDGE('',*,*,#1432,.F.);
#1895=ORIENTED_EDGE('',*,*,#1472,.T.);
#1896=ORIENTED_EDGE('',*,*,#1473,.T.);
#1897=ORIENTED_EDGE('',*,*,#1469,.F.);
#1898=ORIENTED_EDGE('',*,*,#1431,.F.);
#1899=ORIENTED_EDGE('',*,*,#1474,.T.);
#1900=ORIENTED_EDGE('',*,*,#1475,.T.);
#1901=ORIENTED_EDGE('',*,*,#1472,.F.);
#1902=ORIENTED_EDGE('',*,*,#1430,.F.);
#1903=ORIENTED_EDGE('',*,*,#1476,.T.);
#1904=ORIENTED_EDGE('',*,*,#1477,.T.);
#1905=ORIENTED_EDGE('',*,*,#1474,.F.);
#1906=ORIENTED_EDGE('',*,*,#1429,.F.);
#1907=ORIENTED_EDGE('',*,*,#1478,.T.);
#1908=ORIENTED_EDGE('',*,*,#1479,.T.);
#1909=ORIENTED_EDGE('',*,*,#1476,.F.);
#1910=ORIENTED_EDGE('',*,*,#1428,.F.);
#1911=ORIENTED_EDGE('',*,*,#1480,.T.);
#1912=ORIENTED_EDGE('',*,*,#1481,.T.);
#1913=ORIENTED_EDGE('',*,*,#1478,.F.);
#1914=ORIENTED_EDGE('',*,*,#1427,.F.);
#1915=ORIENTED_EDGE('',*,*,#1471,.T.);
#1916=ORIENTED_EDGE('',*,*,#1482,.T.);
#1917=ORIENTED_EDGE('',*,*,#1480,.F.);
#1918=ORIENTED_EDGE('',*,*,#1482,.F.);
#1919=ORIENTED_EDGE('',*,*,#1470,.F.);
#1920=ORIENTED_EDGE('',*,*,#1473,.F.);
#1921=ORIENTED_EDGE('',*,*,#1475,.F.);
#1922=ORIENTED_EDGE('',*,*,#1477,.F.);
#1923=ORIENTED_EDGE('',*,*,#1479,.F.);
#1924=ORIENTED_EDGE('',*,*,#1481,.F.);
#1925=ORIENTED_EDGE('',*,*,#1413,.F.);
#1926=ORIENTED_EDGE('',*,*,#1483,.T.);
#1927=ORIENTED_EDGE('',*,*,#1484,.T.);
#1928=ORIENTED_EDGE('',*,*,#1485,.F.);
#1929=ORIENTED_EDGE('',*,*,#1425,.F.);
#1930=ORIENTED_EDGE('',*,*,#1486,.T.);
#1931=ORIENTED_EDGE('',*,*,#1487,.T.);
#1932=ORIENTED_EDGE('',*,*,#1483,.F.);
#1933=ORIENTED_EDGE('',*,*,#1424,.F.);
#1934=ORIENTED_EDGE('',*,*,#1488,.T.);
#1935=ORIENTED_EDGE('',*,*,#1489,.T.);
#1936=ORIENTED_EDGE('',*,*,#1486,.F.);
#1937=ORIENTED_EDGE('',*,*,#1423,.F.);
#1938=ORIENTED_EDGE('',*,*,#1490,.T.);
#1939=ORIENTED_EDGE('',*,*,#1491,.T.);
#1940=ORIENTED_EDGE('',*,*,#1488,.F.);
#1941=ORIENTED_EDGE('',*,*,#1422,.F.);
#1942=ORIENTED_EDGE('',*,*,#1492,.T.);
#1943=ORIENTED_EDGE('',*,*,#1493,.T.);
#1944=ORIENTED_EDGE('',*,*,#1490,.F.);
#1945=ORIENTED_EDGE('',*,*,#1421,.F.);
#1946=ORIENTED_EDGE('',*,*,#1494,.T.);
#1947=ORIENTED_EDGE('',*,*,#1495,.T.);
#1948=ORIENTED_EDGE('',*,*,#1492,.F.);
#1949=ORIENTED_EDGE('',*,*,#1420,.F.);
#1950=ORIENTED_EDGE('',*,*,#1496,.T.);
#1951=ORIENTED_EDGE('',*,*,#1497,.T.);
#1952=ORIENTED_EDGE('',*,*,#1494,.F.);
#1953=ORIENTED_EDGE('',*,*,#1419,.F.);
#1954=ORIENTED_EDGE('',*,*,#1498,.T.);
#1955=ORIENTED_EDGE('',*,*,#1499,.T.);
#1956=ORIENTED_EDGE('',*,*,#1496,.F.);
#1957=ORIENTED_EDGE('',*,*,#1418,.F.);
#1958=ORIENTED_EDGE('',*,*,#1500,.T.);
#1959=ORIENTED_EDGE('',*,*,#1501,.T.);
#1960=ORIENTED_EDGE('',*,*,#1498,.F.);
#1961=ORIENTED_EDGE('',*,*,#1417,.F.);
#1962=ORIENTED_EDGE('',*,*,#1502,.T.);
#1963=ORIENTED_EDGE('',*,*,#1503,.T.);
#1964=ORIENTED_EDGE('',*,*,#1500,.F.);
#1965=ORIENTED_EDGE('',*,*,#1416,.F.);
#1966=ORIENTED_EDGE('',*,*,#1504,.T.);
#1967=ORIENTED_EDGE('',*,*,#1505,.T.);
#1968=ORIENTED_EDGE('',*,*,#1502,.F.);
#1969=ORIENTED_EDGE('',*,*,#1415,.F.);
#1970=ORIENTED_EDGE('',*,*,#1506,.T.);
#1971=ORIENTED_EDGE('',*,*,#1507,.T.);
#1972=ORIENTED_EDGE('',*,*,#1504,.F.);
#1973=ORIENTED_EDGE('',*,*,#1414,.F.);
#1974=ORIENTED_EDGE('',*,*,#1485,.T.);
#1975=ORIENTED_EDGE('',*,*,#1508,.T.);
#1976=ORIENTED_EDGE('',*,*,#1506,.F.);
#1977=ORIENTED_EDGE('',*,*,#1508,.F.);
#1978=ORIENTED_EDGE('',*,*,#1484,.F.);
#1979=ORIENTED_EDGE('',*,*,#1487,.F.);
#1980=ORIENTED_EDGE('',*,*,#1489,.F.);
#1981=ORIENTED_EDGE('',*,*,#1491,.F.);
#1982=ORIENTED_EDGE('',*,*,#1493,.F.);
#1983=ORIENTED_EDGE('',*,*,#1495,.F.);
#1984=ORIENTED_EDGE('',*,*,#1497,.F.);
#1985=ORIENTED_EDGE('',*,*,#1499,.F.);
#1986=ORIENTED_EDGE('',*,*,#1501,.F.);
#1987=ORIENTED_EDGE('',*,*,#1503,.F.);
#1988=ORIENTED_EDGE('',*,*,#1505,.F.);
#1989=ORIENTED_EDGE('',*,*,#1507,.F.);
#1990=ORIENTED_EDGE('',*,*,#1509,.F.);
#1991=ORIENTED_EDGE('',*,*,#1510,.T.);
#1992=ORIENTED_EDGE('',*,*,#1511,.T.);
#1993=ORIENTED_EDGE('',*,*,#1512,.F.);
#1994=ORIENTED_EDGE('',*,*,#1513,.F.);
#1995=ORIENTED_EDGE('',*,*,#1512,.T.);
#1996=ORIENTED_EDGE('',*,*,#1514,.T.);
#1997=ORIENTED_EDGE('',*,*,#1515,.F.);
#1998=ORIENTED_EDGE('',*,*,#1516,.F.);
#1999=ORIENTED_EDGE('',*,*,#1515,.T.);
#2000=ORIENTED_EDGE('',*,*,#1517,.T.);
#2001=ORIENTED_EDGE('',*,*,#1518,.F.);
#2002=ORIENTED_EDGE('',*,*,#1519,.F.);
#2003=ORIENTED_EDGE('',*,*,#1518,.T.);
#2004=ORIENTED_EDGE('',*,*,#1520,.T.);
#2005=ORIENTED_EDGE('',*,*,#1521,.F.);
#2006=ORIENTED_EDGE('',*,*,#1522,.F.);
#2007=ORIENTED_EDGE('',*,*,#1521,.T.);
#2008=ORIENTED_EDGE('',*,*,#1523,.T.);
#2009=ORIENTED_EDGE('',*,*,#1510,.F.);
#2010=ORIENTED_EDGE('',*,*,#1404,.F.);
#2011=ORIENTED_EDGE('',*,*,#1524,.T.);
#2012=ORIENTED_EDGE('',*,*,#1525,.T.);
#2013=ORIENTED_EDGE('',*,*,#1526,.F.);
#2014=ORIENTED_EDGE('',*,*,#1412,.F.);
#2015=ORIENTED_EDGE('',*,*,#1527,.T.);
#2016=ORIENTED_EDGE('',*,*,#1528,.T.);
#2017=ORIENTED_EDGE('',*,*,#1524,.F.);
#2018=ORIENTED_EDGE('',*,*,#1411,.F.);
#2019=ORIENTED_EDGE('',*,*,#1529,.T.);
#2020=ORIENTED_EDGE('',*,*,#1530,.T.);
#2021=ORIENTED_EDGE('',*,*,#1527,.F.);
#2022=ORIENTED_EDGE('',*,*,#1410,.F.);
#2023=ORIENTED_EDGE('',*,*,#1531,.T.);
#2024=ORIENTED_EDGE('',*,*,#1532,.T.);
#2025=ORIENTED_EDGE('',*,*,#1529,.F.);
#2026=ORIENTED_EDGE('',*,*,#1409,.F.);
#2027=ORIENTED_EDGE('',*,*,#1533,.T.);
#2028=ORIENTED_EDGE('',*,*,#1534,.T.);
#2029=ORIENTED_EDGE('',*,*,#1531,.F.);
#2030=ORIENTED_EDGE('',*,*,#1408,.F.);
#2031=ORIENTED_EDGE('',*,*,#1535,.T.);
#2032=ORIENTED_EDGE('',*,*,#1536,.T.);
#2033=ORIENTED_EDGE('',*,*,#1533,.F.);
#2034=ORIENTED_EDGE('',*,*,#1407,.F.);
#2035=ORIENTED_EDGE('',*,*,#1537,.T.);
#2036=ORIENTED_EDGE('',*,*,#1538,.T.);
#2037=ORIENTED_EDGE('',*,*,#1535,.F.);
#2038=ORIENTED_EDGE('',*,*,#1406,.F.);
#2039=ORIENTED_EDGE('',*,*,#1539,.T.);
#2040=ORIENTED_EDGE('',*,*,#1540,.T.);
#2041=ORIENTED_EDGE('',*,*,#1537,.F.);
#2042=ORIENTED_EDGE('',*,*,#1405,.F.);
#2043=ORIENTED_EDGE('',*,*,#1526,.T.);
#2044=ORIENTED_EDGE('',*,*,#1541,.T.);
#2045=ORIENTED_EDGE('',*,*,#1539,.F.);
#2046=ORIENTED_EDGE('',*,*,#1541,.F.);
#2047=ORIENTED_EDGE('',*,*,#1525,.F.);
#2048=ORIENTED_EDGE('',*,*,#1528,.F.);
#2049=ORIENTED_EDGE('',*,*,#1530,.F.);
#2050=ORIENTED_EDGE('',*,*,#1532,.F.);
#2051=ORIENTED_EDGE('',*,*,#1534,.F.);
#2052=ORIENTED_EDGE('',*,*,#1536,.F.);
#2053=ORIENTED_EDGE('',*,*,#1538,.F.);
#2054=ORIENTED_EDGE('',*,*,#1540,.F.);
#2055=ORIENTED_EDGE('',*,*,#1511,.F.);
#2056=ORIENTED_EDGE('',*,*,#1523,.F.);
#2057=ORIENTED_EDGE('',*,*,#1520,.F.);
#2058=ORIENTED_EDGE('',*,*,#1517,.F.);
#2059=ORIENTED_EDGE('',*,*,#1514,.F.);
#2060=ORIENTED_EDGE('',*,*,#1393,.F.);
#2061=ORIENTED_EDGE('',*,*,#1542,.T.);
#2062=ORIENTED_EDGE('',*,*,#1543,.T.);
#2063=ORIENTED_EDGE('',*,*,#1544,.F.);
#2064=ORIENTED_EDGE('',*,*,#1403,.F.);
#2065=ORIENTED_EDGE('',*,*,#1545,.T.);
#2066=ORIENTED_EDGE('',*,*,#1546,.T.);
#2067=ORIENTED_EDGE('',*,*,#1542,.F.);
#2068=ORIENTED_EDGE('',*,*,#1402,.F.);
#2069=ORIENTED_EDGE('',*,*,#1547,.T.);
#2070=ORIENTED_EDGE('',*,*,#1548,.T.);
#2071=ORIENTED_EDGE('',*,*,#1545,.F.);
#2072=ORIENTED_EDGE('',*,*,#1401,.F.);
#2073=ORIENTED_EDGE('',*,*,#1549,.T.);
#2074=ORIENTED_EDGE('',*,*,#1550,.T.);
#2075=ORIENTED_EDGE('',*,*,#1547,.F.);
#2076=ORIENTED_EDGE('',*,*,#1400,.F.);
#2077=ORIENTED_EDGE('',*,*,#1551,.T.);
#2078=ORIENTED_EDGE('',*,*,#1552,.T.);
#2079=ORIENTED_EDGE('',*,*,#1549,.F.);
#2080=ORIENTED_EDGE('',*,*,#1399,.F.);
#2081=ORIENTED_EDGE('',*,*,#1553,.T.);
#2082=ORIENTED_EDGE('',*,*,#1554,.T.);
#2083=ORIENTED_EDGE('',*,*,#1551,.F.);
#2084=ORIENTED_EDGE('',*,*,#1398,.F.);
#2085=ORIENTED_EDGE('',*,*,#1555,.T.);
#2086=ORIENTED_EDGE('',*,*,#1556,.T.);
#2087=ORIENTED_EDGE('',*,*,#1553,.F.);
#2088=ORIENTED_EDGE('',*,*,#1397,.F.);
#2089=ORIENTED_EDGE('',*,*,#1557,.T.);
#2090=ORIENTED_EDGE('',*,*,#1558,.T.);
#2091=ORIENTED_EDGE('',*,*,#1555,.F.);
#2092=ORIENTED_EDGE('',*,*,#1396,.F.);
#2093=ORIENTED_EDGE('',*,*,#1559,.T.);
#2094=ORIENTED_EDGE('',*,*,#1560,.T.);
#2095=ORIENTED_EDGE('',*,*,#1557,.F.);
#2096=ORIENTED_EDGE('',*,*,#1395,.F.);
#2097=ORIENTED_EDGE('',*,*,#1561,.T.);
#2098=ORIENTED_EDGE('',*,*,#1562,.T.);
#2099=ORIENTED_EDGE('',*,*,#1559,.F.);
#2100=ORIENTED_EDGE('',*,*,#1394,.F.);
#2101=ORIENTED_EDGE('',*,*,#1544,.T.);
#2102=ORIENTED_EDGE('',*,*,#1563,.T.);
#2103=ORIENTED_EDGE('',*,*,#1561,.F.);
#2104=ORIENTED_EDGE('',*,*,#1563,.F.);
#2105=ORIENTED_EDGE('',*,*,#1543,.F.);
#2106=ORIENTED_EDGE('',*,*,#1546,.F.);
#2107=ORIENTED_EDGE('',*,*,#1548,.F.);
#2108=ORIENTED_EDGE('',*,*,#1550,.F.);
#2109=ORIENTED_EDGE('',*,*,#1552,.F.);
#2110=ORIENTED_EDGE('',*,*,#1554,.F.);
#2111=ORIENTED_EDGE('',*,*,#1556,.F.);
#2112=ORIENTED_EDGE('',*,*,#1558,.F.);
#2113=ORIENTED_EDGE('',*,*,#1560,.F.);
#2114=ORIENTED_EDGE('',*,*,#1562,.F.);
#2115=ORIENTED_EDGE('',*,*,#1373,.F.);
#2116=ORIENTED_EDGE('',*,*,#1564,.T.);
#2117=ORIENTED_EDGE('',*,*,#1565,.T.);
#2118=ORIENTED_EDGE('',*,*,#1566,.F.);
#2119=ORIENTED_EDGE('',*,*,#1392,.F.);
#2120=ORIENTED_EDGE('',*,*,#1567,.T.);
#2121=ORIENTED_EDGE('',*,*,#1568,.T.);
#2122=ORIENTED_EDGE('',*,*,#1564,.F.);
#2123=ORIENTED_EDGE('',*,*,#1391,.F.);
#2124=ORIENTED_EDGE('',*,*,#1569,.T.);
#2125=ORIENTED_EDGE('',*,*,#1570,.T.);
#2126=ORIENTED_EDGE('',*,*,#1567,.F.);
#2127=ORIENTED_EDGE('',*,*,#1390,.F.);
#2128=ORIENTED_EDGE('',*,*,#1571,.T.);
#2129=ORIENTED_EDGE('',*,*,#1572,.T.);
#2130=ORIENTED_EDGE('',*,*,#1569,.F.);
#2131=ORIENTED_EDGE('',*,*,#1389,.F.);
#2132=ORIENTED_EDGE('',*,*,#1573,.T.);
#2133=ORIENTED_EDGE('',*,*,#1574,.T.);
#2134=ORIENTED_EDGE('',*,*,#1571,.F.);
#2135=ORIENTED_EDGE('',*,*,#1388,.F.);
#2136=ORIENTED_EDGE('',*,*,#1575,.T.);
#2137=ORIENTED_EDGE('',*,*,#1576,.T.);
#2138=ORIENTED_EDGE('',*,*,#1573,.F.);
#2139=ORIENTED_EDGE('',*,*,#1387,.F.);
#2140=ORIENTED_EDGE('',*,*,#1577,.T.);
#2141=ORIENTED_EDGE('',*,*,#1578,.T.);
#2142=ORIENTED_EDGE('',*,*,#1575,.F.);
#2143=ORIENTED_EDGE('',*,*,#1386,.F.);
#2144=ORIENTED_EDGE('',*,*,#1579,.T.);
#2145=ORIENTED_EDGE('',*,*,#1580,.T.);
#2146=ORIENTED_EDGE('',*,*,#1577,.F.);
#2147=ORIENTED_EDGE('',*,*,#1385,.F.);
#2148=ORIENTED_EDGE('',*,*,#1581,.T.);
#2149=ORIENTED_EDGE('',*,*,#1582,.T.);
#2150=ORIENTED_EDGE('',*,*,#1579,.F.);
#2151=ORIENTED_EDGE('',*,*,#1384,.F.);
#2152=ORIENTED_EDGE('',*,*,#1583,.T.);
#2153=ORIENTED_EDGE('',*,*,#1584,.T.);
#2154=ORIENTED_EDGE('',*,*,#1581,.F.);
#2155=ORIENTED_EDGE('',*,*,#1383,.F.);
#2156=ORIENTED_EDGE('',*,*,#1585,.T.);
#2157=ORIENTED_EDGE('',*,*,#1586,.T.);
#2158=ORIENTED_EDGE('',*,*,#1583,.F.);
#2159=ORIENTED_EDGE('',*,*,#1382,.F.);
#2160=ORIENTED_EDGE('',*,*,#1587,.T.);
#2161=ORIENTED_EDGE('',*,*,#1588,.T.);
#2162=ORIENTED_EDGE('',*,*,#1585,.F.);
#2163=ORIENTED_EDGE('',*,*,#1381,.F.);
#2164=ORIENTED_EDGE('',*,*,#1589,.T.);
#2165=ORIENTED_EDGE('',*,*,#1590,.T.);
#2166=ORIENTED_EDGE('',*,*,#1587,.F.);
#2167=ORIENTED_EDGE('',*,*,#1380,.F.);
#2168=ORIENTED_EDGE('',*,*,#1591,.T.);
#2169=ORIENTED_EDGE('',*,*,#1592,.T.);
#2170=ORIENTED_EDGE('',*,*,#1589,.F.);
#2171=ORIENTED_EDGE('',*,*,#1379,.F.);
#2172=ORIENTED_EDGE('',*,*,#1593,.T.);
#2173=ORIENTED_EDGE('',*,*,#1594,.T.);
#2174=ORIENTED_EDGE('',*,*,#1591,.F.);
#2175=ORIENTED_EDGE('',*,*,#1378,.F.);
#2176=ORIENTED_EDGE('',*,*,#1595,.T.);
#2177=ORIENTED_EDGE('',*,*,#1596,.T.);
#2178=ORIENTED_EDGE('',*,*,#1593,.F.);
#2179=ORIENTED_EDGE('',*,*,#1377,.F.);
#2180=ORIENTED_EDGE('',*,*,#1597,.T.);
#2181=ORIENTED_EDGE('',*,*,#1598,.T.);
#2182=ORIENTED_EDGE('',*,*,#1595,.F.);
#2183=ORIENTED_EDGE('',*,*,#1376,.F.);
#2184=ORIENTED_EDGE('',*,*,#1599,.T.);
#2185=ORIENTED_EDGE('',*,*,#1600,.T.);
#2186=ORIENTED_EDGE('',*,*,#1597,.F.);
#2187=ORIENTED_EDGE('',*,*,#1375,.F.);
#2188=ORIENTED_EDGE('',*,*,#1601,.T.);
#2189=ORIENTED_EDGE('',*,*,#1602,.T.);
#2190=ORIENTED_EDGE('',*,*,#1599,.F.);
#2191=ORIENTED_EDGE('',*,*,#1374,.F.);
#2192=ORIENTED_EDGE('',*,*,#1566,.T.);
#2193=ORIENTED_EDGE('',*,*,#1603,.T.);
#2194=ORIENTED_EDGE('',*,*,#1601,.F.);
#2195=ORIENTED_EDGE('',*,*,#1603,.F.);
#2196=ORIENTED_EDGE('',*,*,#1565,.F.);
#2197=ORIENTED_EDGE('',*,*,#1568,.F.);
#2198=ORIENTED_EDGE('',*,*,#1570,.F.);
#2199=ORIENTED_EDGE('',*,*,#1572,.F.);
#2200=ORIENTED_EDGE('',*,*,#1574,.F.);
#2201=ORIENTED_EDGE('',*,*,#1576,.F.);
#2202=ORIENTED_EDGE('',*,*,#1578,.F.);
#2203=ORIENTED_EDGE('',*,*,#1580,.F.);
#2204=ORIENTED_EDGE('',*,*,#1582,.F.);
#2205=ORIENTED_EDGE('',*,*,#1584,.F.);
#2206=ORIENTED_EDGE('',*,*,#1586,.F.);
#2207=ORIENTED_EDGE('',*,*,#1588,.F.);
#2208=ORIENTED_EDGE('',*,*,#1590,.F.);
#2209=ORIENTED_EDGE('',*,*,#1592,.F.);
#2210=ORIENTED_EDGE('',*,*,#1594,.F.);
#2211=ORIENTED_EDGE('',*,*,#1596,.F.);
#2212=ORIENTED_EDGE('',*,*,#1598,.F.);
#2213=ORIENTED_EDGE('',*,*,#1600,.F.);
#2214=ORIENTED_EDGE('',*,*,#1602,.F.);
#2215=ORIENTED_EDGE('',*,*,#1509,.T.);
#2216=ORIENTED_EDGE('',*,*,#1513,.T.);
#2217=ORIENTED_EDGE('',*,*,#1516,.T.);
#2218=ORIENTED_EDGE('',*,*,#1519,.T.);
#2219=ORIENTED_EDGE('',*,*,#1522,.T.);
#2220=ORIENTED_EDGE('',*,*,#1604,.T.);
#2221=ORIENTED_EDGE('',*,*,#1372,.F.);
#2222=ORIENTED_EDGE('',*,*,#1604,.F.);
#2223=ORIENTED_EDGE('',*,*,#1364,.F.);
#2224=ORIENTED_EDGE('',*,*,#1605,.T.);
#2225=ORIENTED_EDGE('',*,*,#1606,.F.);
#2226=ORIENTED_EDGE('',*,*,#1607,.F.);
#2227=ORIENTED_EDGE('',*,*,#1365,.F.);
#2228=ORIENTED_EDGE('',*,*,#1607,.T.);
#2229=ORIENTED_EDGE('',*,*,#1608,.F.);
#2230=ORIENTED_EDGE('',*,*,#1609,.F.);
#2231=ORIENTED_EDGE('',*,*,#1363,.F.);
#2232=ORIENTED_EDGE('',*,*,#1610,.F.);
#2233=ORIENTED_EDGE('',*,*,#1611,.F.);
#2234=ORIENTED_EDGE('',*,*,#1605,.F.);
#2235=ORIENTED_EDGE('',*,*,#1611,.T.);
#2236=ORIENTED_EDGE('',*,*,#1612,.F.);
#2237=ORIENTED_EDGE('',*,*,#1608,.T.);
#2238=ORIENTED_EDGE('',*,*,#1606,.T.);
#2239=ORIENTED_EDGE('',*,*,#1345,.T.);
#2240=ORIENTED_EDGE('',*,*,#1337,.F.);
#2241=ORIENTED_EDGE('',*,*,#1613,.F.);
#2242=ORIENTED_EDGE('',*,*,#1614,.F.);
#2243=ORIENTED_EDGE('',*,*,#1346,.T.);
#2244=ORIENTED_EDGE('',*,*,#1614,.T.);
#2245=ORIENTED_EDGE('',*,*,#1615,.F.);
#2246=ORIENTED_EDGE('',*,*,#1616,.F.);
#2247=ORIENTED_EDGE('',*,*,#1347,.T.);
#2248=ORIENTED_EDGE('',*,*,#1616,.T.);
#2249=ORIENTED_EDGE('',*,*,#1617,.F.);
#2250=ORIENTED_EDGE('',*,*,#1618,.F.);
#2251=ORIENTED_EDGE('',*,*,#1617,.T.);
#2252=ORIENTED_EDGE('',*,*,#1615,.T.);
#2253=ORIENTED_EDGE('',*,*,#1613,.T.);
#2254=ORIENTED_EDGE('',*,*,#1344,.F.);
#2255=ORIENTED_EDGE('',*,*,#1353,.T.);
#2256=ORIENTED_EDGE('',*,*,#1619,.F.);
#2257=ORIENTED_EDGE('',*,*,#1620,.F.);
#2258=ORIENTED_EDGE('',*,*,#1621,.F.);
#2259=ORIENTED_EDGE('',*,*,#1354,.T.);
#2260=ORIENTED_EDGE('',*,*,#1621,.T.);
#2261=ORIENTED_EDGE('',*,*,#1622,.F.);
#2262=ORIENTED_EDGE('',*,*,#1623,.F.);
#2263=ORIENTED_EDGE('',*,*,#1355,.T.);
#2264=ORIENTED_EDGE('',*,*,#1623,.T.);
#2265=ORIENTED_EDGE('',*,*,#1624,.F.);
#2266=ORIENTED_EDGE('',*,*,#1371,.F.);
#2267=ORIENTED_EDGE('',*,*,#1624,.T.);
#2268=ORIENTED_EDGE('',*,*,#1622,.T.);
#2269=ORIENTED_EDGE('',*,*,#1620,.T.);
#2270=ORIENTED_EDGE('',*,*,#1340,.F.);
#2271=ORIENTED_EDGE('',*,*,#1349,.T.);
#2272=ORIENTED_EDGE('',*,*,#1625,.F.);
#2273=ORIENTED_EDGE('',*,*,#1626,.F.);
#2274=ORIENTED_EDGE('',*,*,#1627,.F.);
#2275=ORIENTED_EDGE('',*,*,#1350,.T.);
#2276=ORIENTED_EDGE('',*,*,#1627,.T.);
#2277=ORIENTED_EDGE('',*,*,#1628,.F.);
#2278=ORIENTED_EDGE('',*,*,#1629,.F.);
#2279=ORIENTED_EDGE('',*,*,#1351,.T.);
#2280=ORIENTED_EDGE('',*,*,#1629,.T.);
#2281=ORIENTED_EDGE('',*,*,#1630,.F.);
#2282=ORIENTED_EDGE('',*,*,#1631,.F.);
#2283=ORIENTED_EDGE('',*,*,#1630,.T.);
#2284=ORIENTED_EDGE('',*,*,#1628,.T.);
#2285=ORIENTED_EDGE('',*,*,#1626,.T.);
#2286=ORIENTED_EDGE('',*,*,#1342,.F.);
#2287=ORIENTED_EDGE('',*,*,#1360,.F.);
#2288=ORIENTED_EDGE('',*,*,#1632,.T.);
#2289=ORIENTED_EDGE('',*,*,#1633,.F.);
#2290=ORIENTED_EDGE('',*,*,#1634,.F.);
#2291=ORIENTED_EDGE('',*,*,#1361,.F.);
#2292=ORIENTED_EDGE('',*,*,#1634,.T.);
#2293=ORIENTED_EDGE('',*,*,#1635,.F.);
#2294=ORIENTED_EDGE('',*,*,#1636,.F.);
#2295=ORIENTED_EDGE('',*,*,#1359,.F.);
#2296=ORIENTED_EDGE('',*,*,#1637,.F.);
#2297=ORIENTED_EDGE('',*,*,#1638,.F.);
#2298=ORIENTED_EDGE('',*,*,#1632,.F.);
#2299=ORIENTED_EDGE('',*,*,#1638,.T.);
#2300=ORIENTED_EDGE('',*,*,#1639,.F.);
#2301=ORIENTED_EDGE('',*,*,#1635,.T.);
#2302=ORIENTED_EDGE('',*,*,#1633,.T.);
#2303=ORIENTED_EDGE('',*,*,#1368,.F.);
#2304=ORIENTED_EDGE('',*,*,#1640,.T.);
#2305=ORIENTED_EDGE('',*,*,#1641,.F.);
#2306=ORIENTED_EDGE('',*,*,#1642,.F.);
#2307=ORIENTED_EDGE('',*,*,#1369,.F.);
#2308=ORIENTED_EDGE('',*,*,#1642,.T.);
#2309=ORIENTED_EDGE('',*,*,#1643,.F.);
#2310=ORIENTED_EDGE('',*,*,#1644,.F.);
#2311=ORIENTED_EDGE('',*,*,#1367,.F.);
#2312=ORIENTED_EDGE('',*,*,#1645,.F.);
#2313=ORIENTED_EDGE('',*,*,#1646,.F.);
#2314=ORIENTED_EDGE('',*,*,#1640,.F.);
#2315=ORIENTED_EDGE('',*,*,#1646,.T.);
#2316=ORIENTED_EDGE('',*,*,#1647,.F.);
#2317=ORIENTED_EDGE('',*,*,#1643,.T.);
#2318=ORIENTED_EDGE('',*,*,#1641,.T.);
#2319=ORIENTED_EDGE('',*,*,#1619,.T.);
#2320=ORIENTED_EDGE('',*,*,#1352,.F.);
#2321=ORIENTED_EDGE('',*,*,#1631,.T.);
#2322=ORIENTED_EDGE('',*,*,#1341,.F.);
#2323=ORIENTED_EDGE('',*,*,#1316,.F.);
#2324=ORIENTED_EDGE('',*,*,#1335,.F.);
#2325=ORIENTED_EDGE('',*,*,#1370,.F.);
#2326=ORIENTED_EDGE('',*,*,#1644,.T.);
#2327=ORIENTED_EDGE('',*,*,#1648,.F.);
#2328=ORIENTED_EDGE('',*,*,#1325,.F.);
#2329=ORIENTED_EDGE('',*,*,#1649,.F.);
#2330=ORIENTED_EDGE('',*,*,#1637,.T.);
#2331=ORIENTED_EDGE('',*,*,#1358,.F.);
#2332=ORIENTED_EDGE('',*,*,#1650,.T.);
#2333=ORIENTED_EDGE('',*,*,#1609,.T.);
#2334=ORIENTED_EDGE('',*,*,#1651,.F.);
#2335=ORIENTED_EDGE('',*,*,#1645,.T.);
#2336=ORIENTED_EDGE('',*,*,#1366,.F.);
#2337=ORIENTED_EDGE('',*,*,#1610,.T.);
#2338=ORIENTED_EDGE('',*,*,#1362,.F.);
#2339=ORIENTED_EDGE('',*,*,#1636,.T.);
#2340=ORIENTED_EDGE('',*,*,#1652,.F.);
#2341=ORIENTED_EDGE('',*,*,#1437,.T.);
#2342=ORIENTED_EDGE('',*,*,#1441,.T.);
#2343=ORIENTED_EDGE('',*,*,#1444,.T.);
#2344=ORIENTED_EDGE('',*,*,#1447,.T.);
#2345=ORIENTED_EDGE('',*,*,#1450,.T.);
#2346=ORIENTED_EDGE('',*,*,#1453,.T.);
#2347=ORIENTED_EDGE('',*,*,#1456,.T.);
#2348=ORIENTED_EDGE('',*,*,#1459,.T.);
#2349=ORIENTED_EDGE('',*,*,#1323,.F.);
#2350=ORIENTED_EDGE('',*,*,#1653,.T.);
#2351=ORIENTED_EDGE('',*,*,#1330,.F.);
#2352=ORIENTED_EDGE('',*,*,#1326,.F.);
#2353=ORIENTED_EDGE('',*,*,#1317,.F.);
#2354=ORIENTED_EDGE('',*,*,#1648,.T.);
#2355=ORIENTED_EDGE('',*,*,#1647,.T.);
#2356=ORIENTED_EDGE('',*,*,#1651,.T.);
#2357=ORIENTED_EDGE('',*,*,#1612,.T.);
#2358=ORIENTED_EDGE('',*,*,#1652,.T.);
#2359=ORIENTED_EDGE('',*,*,#1639,.T.);
#2360=ORIENTED_EDGE('',*,*,#1649,.T.);
#2361=ORIENTED_EDGE('',*,*,#1324,.F.);
#2362=ORIENTED_EDGE('',*,*,#1320,.F.);
#2363=ORIENTED_EDGE('',*,*,#1618,.T.);
#2364=ORIENTED_EDGE('',*,*,#1343,.F.);
#2365=ORIENTED_EDGE('',*,*,#1625,.T.);
#2366=ORIENTED_EDGE('',*,*,#1348,.F.);
#2367=ORIENTED_EDGE('',*,*,#1322,.F.);
#2368=ORIENTED_EDGE('',*,*,#1650,.F.);
#2369=ORIENTED_EDGE('',*,*,#1357,.F.);
#2370=ORIENTED_EDGE('',*,*,#1331,.F.);
#2371=ORIENTED_EDGE('',*,*,#1653,.F.);
#2372=SPHERICAL_SURFACE('',#2574,0.1);
#2373=SPHERICAL_SURFACE('',#2578,0.1);
#2374=SPHERICAL_SURFACE('',#2582,0.1);
#2375=SPHERICAL_SURFACE('',#2591,0.0999999999999998);
#2376=STYLED_ITEM('',(#4465),#2433);
#2377=STYLED_ITEM('',(#4465),#2434);
#2378=STYLED_ITEM('',(#4465),#2435);
#2379=STYLED_ITEM('',(#4465),#2436);
#2380=STYLED_ITEM('',(#4465),#2437);
#2381=STYLED_ITEM('',(#4465),#2438);
#2382=STYLED_ITEM('',(#4465),#2439);
#2383=STYLED_ITEM('',(#4465),#2440);
#2384=STYLED_ITEM('',(#4465),#2441);
#2385=STYLED_ITEM('',(#4465),#2442);
#2386=STYLED_ITEM('',(#4465),#2443);
#2387=STYLED_ITEM('',(#4465),#2444);
#2388=STYLED_ITEM('',(#4465),#2445);
#2389=STYLED_ITEM('',(#4468),#2446);
#2390=STYLED_ITEM('',(#4468),#2447);
#2391=STYLED_ITEM('',(#4465),#2448);
#2392=STYLED_ITEM('',(#4468),#2449);
#2393=STYLED_ITEM('',(#4468),#2450);
#2394=STYLED_ITEM('',(#4465),#2451);
#2395=STYLED_ITEM('',(#4465),#2535);
#2396=STYLED_ITEM('',(#4466),#2536);
#2397=STYLED_ITEM('',(#4466),#2537);
#2398=STYLED_ITEM('',(#4467),#2538);
#2399=STYLED_ITEM('',(#4467),#2539);
#2400=STYLED_ITEM('',(#4467),#2540);
#2401=STYLED_ITEM('',(#4467),#2541);
#2402=STYLED_ITEM('',(#4467),#2542);
#2403=STYLED_ITEM('',(#4467),#2543);
#2404=STYLED_ITEM('',(#4467),#2544);
#2405=STYLED_ITEM('',(#4467),#2545);
#2406=STYLED_ITEM('',(#4467),#2546);
#2407=STYLED_ITEM('',(#4467),#2547);
#2408=STYLED_ITEM('',(#4467),#2548);
#2409=STYLED_ITEM('',(#4467),#2549);
#2410=STYLED_ITEM('',(#4467),#2550);
#2411=STYLED_ITEM('',(#4467),#2551);
#2412=STYLED_ITEM('',(#4467),#2552);
#2413=STYLED_ITEM('',(#4467),#2553);
#2414=STYLED_ITEM('',(#4467),#2554);
#2415=STYLED_ITEM('',(#4467),#2555);
#2416=STYLED_ITEM('',(#4467),#2556);
#2417=STYLED_ITEM('',(#4467),#2557);
#2418=STYLED_ITEM('',(#4467),#2558);
#2419=STYLED_ITEM('',(#4467),#2559);
#2420=STYLED_ITEM('',(#4467),#2560);
#2421=STYLED_ITEM('',(#4467),#2561);
#2422=STYLED_ITEM('',(#4468),#2562);
#2423=STYLED_ITEM('',(#4468),#2563);
#2424=STYLED_ITEM('',(#4468),#2564);
#2425=STYLED_ITEM('',(#4468),#2565);
#2426=STYLED_ITEM('',(#4468),#2566);
#2427=STYLED_ITEM('',(#4465),#2567);
#2428=STYLED_ITEM('',(#4465),#2568);
#2429=STYLED_ITEM('',(#4465),#2569);
#2430=STYLED_ITEM('',(#4468),#2570);
#2431=STYLED_ITEM('',(#4468),#2571);
#2432=STYLED_ITEM('',(#4464),#13);
#2433=ADVANCED_FACE('',(#761),#2372,.T.);
#2434=ADVANCED_FACE('',(#762),#2373,.T.);
#2435=ADVANCED_FACE('',(#763),#2374,.T.);
#2436=ADVANCED_FACE('',(#764),#752,.T.);
#2437=ADVANCED_FACE('',(#765),#753,.T.);
#2438=ADVANCED_FACE('',(#766),#2375,.T.);
#2439=ADVANCED_FACE('',(#767),#754,.T.);
#2440=ADVANCED_FACE('',(#768),#755,.T.);
#2441=ADVANCED_FACE('',(#769),#756,.T.);
#2442=ADVANCED_FACE('',(#770),#757,.T.);
#2443=ADVANCED_FACE('',(#771),#758,.T.);
#2444=ADVANCED_FACE('',(#772),#759,.T.);
#2445=ADVANCED_FACE('',(#773),#141,.T.);
#2446=ADVANCED_FACE('',(#774),#142,.T.);
#2447=ADVANCED_FACE('',(#775),#143,.T.);
#2448=ADVANCED_FACE('',(#776),#144,.T.);
#2449=ADVANCED_FACE('',(#777),#145,.F.);
#2450=ADVANCED_FACE('',(#778),#146,.T.);
#2451=ADVANCED_FACE('',(#779,#131,#132,#133,#134,#135,#136,#137),#147,.T.);
#2452=ADVANCED_FACE('',(#780),#14,.T.);
#2453=ADVANCED_FACE('',(#781),#15,.T.);
#2454=ADVANCED_FACE('',(#782),#16,.T.);
#2455=ADVANCED_FACE('',(#783),#17,.T.);
#2456=ADVANCED_FACE('',(#784),#18,.T.);
#2457=ADVANCED_FACE('',(#785),#19,.T.);
#2458=ADVANCED_FACE('',(#786),#20,.T.);
#2459=ADVANCED_FACE('',(#787),#21,.T.);
#2460=ADVANCED_FACE('',(#788),#22,.F.);
#2461=ADVANCED_FACE('',(#789),#23,.F.);
#2462=ADVANCED_FACE('',(#790),#24,.F.);
#2463=ADVANCED_FACE('',(#791),#25,.F.);
#2464=ADVANCED_FACE('',(#792,#138),#148,.T.);
#2465=ADVANCED_FACE('',(#793),#149,.F.);
#2466=ADVANCED_FACE('',(#794),#150,.F.);
#2467=ADVANCED_FACE('',(#795),#151,.F.);
#2468=ADVANCED_FACE('',(#796),#152,.F.);
#2469=ADVANCED_FACE('',(#797),#153,.F.);
#2470=ADVANCED_FACE('',(#798),#154,.F.);
#2471=ADVANCED_FACE('',(#799),#155,.F.);
#2472=ADVANCED_FACE('',(#800),#156,.F.);
#2473=ADVANCED_FACE('',(#801),#157,.F.);
#2474=ADVANCED_FACE('',(#802),#26,.F.);
#2475=ADVANCED_FACE('',(#803),#27,.F.);
#2476=ADVANCED_FACE('',(#804),#158,.F.);
#2477=ADVANCED_FACE('',(#805),#159,.F.);
#2478=ADVANCED_FACE('',(#806),#160,.F.);
#2479=ADVANCED_FACE('',(#807),#161,.F.);
#2480=ADVANCED_FACE('',(#808),#162,.F.);
#2481=ADVANCED_FACE('',(#809),#28,.F.);
#2482=ADVANCED_FACE('',(#810),#29,.F.);
#2483=ADVANCED_FACE('',(#811),#30,.F.);
#2484=ADVANCED_FACE('',(#812),#163,.F.);
#2485=ADVANCED_FACE('',(#813),#164,.F.);
#2486=ADVANCED_FACE('',(#814),#165,.T.);
#2487=ADVANCED_FACE('',(#815),#31,.T.);
#2488=ADVANCED_FACE('',(#816),#166,.T.);
#2489=ADVANCED_FACE('',(#817),#32,.T.);
#2490=ADVANCED_FACE('',(#818),#33,.T.);
#2491=ADVANCED_FACE('',(#819),#34,.T.);
#2492=ADVANCED_FACE('',(#820),#35,.F.);
#2493=ADVANCED_FACE('',(#821),#36,.F.);
#2494=ADVANCED_FACE('',(#822),#167,.F.);
#2495=ADVANCED_FACE('',(#823),#168,.F.);
#2496=ADVANCED_FACE('',(#824),#169,.F.);
#2497=ADVANCED_FACE('',(#825),#170,.F.);
#2498=ADVANCED_FACE('',(#826),#171,.F.);
#2499=ADVANCED_FACE('',(#827),#37,.F.);
#2500=ADVANCED_FACE('',(#828),#38,.F.);
#2501=ADVANCED_FACE('',(#829,#139),#172,.T.);
#2502=ADVANCED_FACE('',(#830),#173,.F.);
#2503=ADVANCED_FACE('',(#831),#174,.F.);
#2504=ADVANCED_FACE('',(#832),#175,.F.);
#2505=ADVANCED_FACE('',(#833),#176,.F.);
#2506=ADVANCED_FACE('',(#834),#39,.F.);
#2507=ADVANCED_FACE('',(#835),#177,.F.);
#2508=ADVANCED_FACE('',(#836),#178,.F.);
#2509=ADVANCED_FACE('',(#837),#179,.F.);
#2510=ADVANCED_FACE('',(#838),#180,.F.);
#2511=ADVANCED_FACE('',(#839),#181,.F.);
#2512=ADVANCED_FACE('',(#840),#182,.F.);
#2513=ADVANCED_FACE('',(#841),#183,.T.);
#2514=ADVANCED_FACE('',(#842),#40,.F.);
#2515=ADVANCED_FACE('',(#843),#41,.F.);
#2516=ADVANCED_FACE('',(#844),#42,.F.);
#2517=ADVANCED_FACE('',(#845),#184,.F.);
#2518=ADVANCED_FACE('',(#846),#185,.F.);
#2519=ADVANCED_FACE('',(#847),#186,.F.);
#2520=ADVANCED_FACE('',(#848),#187,.F.);
#2521=ADVANCED_FACE('',(#849),#188,.F.);
#2522=ADVANCED_FACE('',(#850),#43,.F.);
#2523=ADVANCED_FACE('',(#851),#44,.F.);
#2524=ADVANCED_FACE('',(#852),#45,.F.);
#2525=ADVANCED_FACE('',(#853),#46,.F.);
#2526=ADVANCED_FACE('',(#854),#47,.F.);
#2527=ADVANCED_FACE('',(#855),#48,.F.);
#2528=ADVANCED_FACE('',(#856),#49,.F.);
#2529=ADVANCED_FACE('',(#857),#189,.F.);
#2530=ADVANCED_FACE('',(#858),#190,.F.);
#2531=ADVANCED_FACE('',(#859),#50,.F.);
#2532=ADVANCED_FACE('',(#860),#51,.F.);
#2533=ADVANCED_FACE('',(#861),#52,.F.);
#2534=ADVANCED_FACE('',(#862),#191,.T.);
#2535=ADVANCED_FACE('',(#863),#192,.T.);
#2536=ADVANCED_FACE('',(#864,#140),#760,.F.);
#2537=ADVANCED_FACE('',(#865),#193,.F.);
#2538=ADVANCED_FACE('',(#866),#194,.T.);
#2539=ADVANCED_FACE('',(#867),#195,.T.);
#2540=ADVANCED_FACE('',(#868),#196,.T.);
#2541=ADVANCED_FACE('',(#869),#197,.T.);
#2542=ADVANCED_FACE('',(#870),#198,.T.);
#2543=ADVANCED_FACE('',(#871),#199,.T.);
#2544=ADVANCED_FACE('',(#872),#200,.T.);
#2545=ADVANCED_FACE('',(#873),#201,.T.);
#2546=ADVANCED_FACE('',(#874),#202,.T.);
#2547=ADVANCED_FACE('',(#875),#203,.T.);
#2548=ADVANCED_FACE('',(#876),#204,.T.);
#2549=ADVANCED_FACE('',(#877),#205,.T.);
#2550=ADVANCED_FACE('',(#878),#206,.T.);
#2551=ADVANCED_FACE('',(#879),#207,.T.);
#2552=ADVANCED_FACE('',(#880),#208,.T.);
#2553=ADVANCED_FACE('',(#881),#209,.T.);
#2554=ADVANCED_FACE('',(#882),#210,.T.);
#2555=ADVANCED_FACE('',(#883),#211,.T.);
#2556=ADVANCED_FACE('',(#884),#212,.T.);
#2557=ADVANCED_FACE('',(#885),#213,.T.);
#2558=ADVANCED_FACE('',(#886),#214,.T.);
#2559=ADVANCED_FACE('',(#887),#215,.T.);
#2560=ADVANCED_FACE('',(#888),#216,.T.);
#2561=ADVANCED_FACE('',(#889),#217,.T.);
#2562=ADVANCED_FACE('',(#890),#218,.T.);
#2563=ADVANCED_FACE('',(#891),#219,.T.);
#2564=ADVANCED_FACE('',(#892),#220,.T.);
#2565=ADVANCED_FACE('',(#893),#221,.T.);
#2566=ADVANCED_FACE('',(#894),#222,.T.);
#2567=ADVANCED_FACE('',(#895),#223,.T.);
#2568=ADVANCED_FACE('',(#896),#224,.T.);
#2569=ADVANCED_FACE('',(#897),#225,.T.);
#2570=ADVANCED_FACE('',(#898),#226,.T.);
#2571=ADVANCED_FACE('',(#899),#227,.T.);
#2572=CLOSED_SHELL('',(#2433,#2434,#2435,#2436,#2437,#2438,#2439,#2440,
#2441,#2442,#2443,#2444,#2445,#2446,#2447,#2448,#2449,#2450,#2451,#2452,
#2453,#2454,#2455,#2456,#2457,#2458,#2459,#2460,#2461,#2462,#2463,#2464,
#2465,#2466,#2467,#2468,#2469,#2470,#2471,#2472,#2473,#2474,#2475,#2476,
#2477,#2478,#2479,#2480,#2481,#2482,#2483,#2484,#2485,#2486,#2487,#2488,
#2489,#2490,#2491,#2492,#2493,#2494,#2495,#2496,#2497,#2498,#2499,#2500,
#2501,#2502,#2503,#2504,#2505,#2506,#2507,#2508,#2509,#2510,#2511,#2512,
#2513,#2514,#2515,#2516,#2517,#2518,#2519,#2520,#2521,#2522,#2523,#2524,
#2525,#2526,#2527,#2528,#2529,#2530,#2531,#2532,#2533,#2534,#2535,#2536,
#2537,#2538,#2539,#2540,#2541,#2542,#2543,#2544,#2545,#2546,#2547,#2548,
#2549,#2550,#2551,#2552,#2553,#2554,#2555,#2556,#2557,#2558,#2559,#2560,
#2561,#2562,#2563,#2564,#2565,#2566,#2567,#2568,#2569,#2570,#2571));
#2573=AXIS2_PLACEMENT_3D('placement',#3205,#2698,#2699);
#2574=AXIS2_PLACEMENT_3D('',#3206,#2700,#2701);
#2575=AXIS2_PLACEMENT_3D('',#3209,#2702,#2703);
#2576=AXIS2_PLACEMENT_3D('',#3211,#2704,#2705);
#2577=AXIS2_PLACEMENT_3D('',#3212,#2706,#2707);
#2578=AXIS2_PLACEMENT_3D('',#3213,#2708,#2709);
#2579=AXIS2_PLACEMENT_3D('',#3216,#2710,#2711);
#2580=AXIS2_PLACEMENT_3D('',#3218,#2712,#2713);
#2581=AXIS2_PLACEMENT_3D('',#3219,#2714,#2715);
#2582=AXIS2_PLACEMENT_3D('',#3220,#2716,#2717);
#2583=AXIS2_PLACEMENT_3D('',#3223,#2718,#2719);
#2584=AXIS2_PLACEMENT_3D('',#3225,#2720,#2721);
#2585=AXIS2_PLACEMENT_3D('',#3226,#2722,#2723);
#2586=AXIS2_PLACEMENT_3D('',#3227,#2724,#2725);
#2587=AXIS2_PLACEMENT_3D('',#3230,#2728,#2729);
#2588=AXIS2_PLACEMENT_3D('',#3233,#2730,#2731);
#2589=AXIS2_PLACEMENT_3D('',#3238,#2734,#2735);
#2590=AXIS2_PLACEMENT_3D('',#3239,#2736,#2737);
#2591=AXIS2_PLACEMENT_3D('',#3240,#2738,#2739);
#2592=AXIS2_PLACEMENT_3D('',#3243,#2740,#2741);
#2593=AXIS2_PLACEMENT_3D('',#3245,#2742,#2743);
#2594=AXIS2_PLACEMENT_3D('',#3246,#2744,#2745);
#2595=AXIS2_PLACEMENT_3D('',#3247,#2746,#2747);
#2596=AXIS2_PLACEMENT_3D('',#3250,#2750,#2751);
#2597=AXIS2_PLACEMENT_3D('',#3253,#2752,#2753);
#2598=AXIS2_PLACEMENT_3D('',#3257,#2756,#2757);
#2599=AXIS2_PLACEMENT_3D('',#3258,#2758,#2759);
#2600=AXIS2_PLACEMENT_3D('',#3261,#2762,#2763);
#2601=AXIS2_PLACEMENT_3D('',#3264,#2764,#2765);
#2602=AXIS2_PLACEMENT_3D('',#3268,#2768,#2769);
#2603=AXIS2_PLACEMENT_3D('',#3269,#2770,#2771);
#2604=AXIS2_PLACEMENT_3D('',#3272,#2774,#2775);
#2605=AXIS2_PLACEMENT_3D('',#3275,#2776,#2777);
#2606=AXIS2_PLACEMENT_3D('',#3280,#2780,#2781);
#2607=AXIS2_PLACEMENT_3D('',#3281,#2782,#2783);
#2608=AXIS2_PLACEMENT_3D('',#3282,#2784,#2785);
#2609=AXIS2_PLACEMENT_3D('',#3284,#2787,#2788);
#2610=AXIS2_PLACEMENT_3D('',#3288,#2791,#2792);
#2611=AXIS2_PLACEMENT_3D('',#3294,#2796,#2797);
#2612=AXIS2_PLACEMENT_3D('',#3306,#2804,#2805);
#2613=AXIS2_PLACEMENT_3D('',#3357,#2832,#2833);
#2614=AXIS2_PLACEMENT_3D('',#3359,#2835,#2836);
#2615=AXIS2_PLACEMENT_3D('',#3361,#2837,#2838);
#2616=AXIS2_PLACEMENT_3D('',#3779,#2888,#2889);
#2617=AXIS2_PLACEMENT_3D('',#3780,#2890,#2891);
#2618=AXIS2_PLACEMENT_3D('',#3786,#2895,#2896);
#2619=AXIS2_PLACEMENT_3D('',#3790,#2899,#2900);
#2620=AXIS2_PLACEMENT_3D('',#3794,#2903,#2904);
#2621=AXIS2_PLACEMENT_3D('',#3798,#2907,#2908);
#2622=AXIS2_PLACEMENT_3D('',#3802,#2911,#2912);
#2623=AXIS2_PLACEMENT_3D('',#3806,#2915,#2916);
#2624=AXIS2_PLACEMENT_3D('',#3808,#2918,#2919);
#2625=AXIS2_PLACEMENT_3D('',#3809,#2920,#2921);
#2626=AXIS2_PLACEMENT_3D('',#3843,#2927,#2928);
#2627=AXIS2_PLACEMENT_3D('',#3847,#2931,#2932);
#2628=AXIS2_PLACEMENT_3D('',#3851,#2935,#2936);
#2629=AXIS2_PLACEMENT_3D('',#3855,#2939,#2940);
#2630=AXIS2_PLACEMENT_3D('',#3859,#2943,#2944);
#2631=AXIS2_PLACEMENT_3D('',#3905,#2950,#2951);
#2632=AXIS2_PLACEMENT_3D('',#3909,#2954,#2955);
#2633=AXIS2_PLACEMENT_3D('',#3911,#2957,#2958);
#2634=AXIS2_PLACEMENT_3D('',#3934,#2961,#2962);
#2635=AXIS2_PLACEMENT_3D('',#4024,#2971,#2972);
#2636=AXIS2_PLACEMENT_3D('',#4028,#2975,#2976);
#2637=AXIS2_PLACEMENT_3D('',#4032,#2979,#2980);
#2638=AXIS2_PLACEMENT_3D('',#4036,#2983,#2984);
#2639=AXIS2_PLACEMENT_3D('',#4040,#2987,#2988);
#2640=AXIS2_PLACEMENT_3D('',#4070,#2992,#2993);
#2641=AXIS2_PLACEMENT_3D('',#4071,#2994,#2995);
#2642=AXIS2_PLACEMENT_3D('',#4077,#2999,#3000);
#2643=AXIS2_PLACEMENT_3D('',#4081,#3003,#3004);
#2644=AXIS2_PLACEMENT_3D('',#4085,#3007,#3008);
#2645=AXIS2_PLACEMENT_3D('',#4103,#3012,#3013);
#2646=AXIS2_PLACEMENT_3D('',#4107,#3016,#3017);
#2647=AXIS2_PLACEMENT_3D('',#4111,#3020,#3021);
#2648=AXIS2_PLACEMENT_3D('',#4115,#3024,#3025);
#2649=AXIS2_PLACEMENT_3D('',#4119,#3028,#3029);
#2650=AXIS2_PLACEMENT_3D('',#4123,#3032,#3033);
#2651=AXIS2_PLACEMENT_3D('',#4125,#3035,#3036);
#2652=AXIS2_PLACEMENT_3D('',#4170,#3041,#3042);
#2653=AXIS2_PLACEMENT_3D('',#4174,#3045,#3046);
#2654=AXIS2_PLACEMENT_3D('',#4178,#3049,#3050);
#2655=AXIS2_PLACEMENT_3D('',#4182,#3053,#3054);
#2656=AXIS2_PLACEMENT_3D('',#4186,#3057,#3058);
#2657=AXIS2_PLACEMENT_3D('',#4288,#3068,#3069);
#2658=AXIS2_PLACEMENT_3D('',#4292,#3072,#3073);
#2659=AXIS2_PLACEMENT_3D('',#4336,#3078,#3079);
#2660=AXIS2_PLACEMENT_3D('',#4337,#3080,#3081);
#2661=AXIS2_PLACEMENT_3D('',#4338,#3082,#3083);
#2662=AXIS2_PLACEMENT_3D('',#4340,#3084,#3085);
#2663=AXIS2_PLACEMENT_3D('',#4341,#3086,#3087);
#2664=AXIS2_PLACEMENT_3D('',#4342,#3088,#3089);
#2665=AXIS2_PLACEMENT_3D('',#4348,#3093,#3094);
#2666=AXIS2_PLACEMENT_3D('',#4352,#3097,#3098);
#2667=AXIS2_PLACEMENT_3D('',#4356,#3101,#3102);
#2668=AXIS2_PLACEMENT_3D('',#4358,#3104,#3105);
#2669=AXIS2_PLACEMENT_3D('',#4362,#3108,#3109);
#2670=AXIS2_PLACEMENT_3D('',#4366,#3112,#3113);
#2671=AXIS2_PLACEMENT_3D('',#4369,#3116,#3117);
#2672=AXIS2_PLACEMENT_3D('',#4370,#3118,#3119);
#2673=AXIS2_PLACEMENT_3D('',#4375,#3123,#3124);
#2674=AXIS2_PLACEMENT_3D('',#4379,#3127,#3128);
#2675=AXIS2_PLACEMENT_3D('',#4381,#3130,#3131);
#2676=AXIS2_PLACEMENT_3D('',#4382,#3132,#3133);
#2677=AXIS2_PLACEMENT_3D('',#4387,#3137,#3138);
#2678=AXIS2_PLACEMENT_3D('',#4391,#3141,#3142);
#2679=AXIS2_PLACEMENT_3D('',#4394,#3145,#3146);
#2680=AXIS2_PLACEMENT_3D('',#4395,#3147,#3148);
#2681=AXIS2_PLACEMENT_3D('',#4401,#3152,#3153);
#2682=AXIS2_PLACEMENT_3D('',#4405,#3156,#3157);
#2683=AXIS2_PLACEMENT_3D('',#4409,#3160,#3161);
#2684=AXIS2_PLACEMENT_3D('',#4411,#3163,#3164);
#2685=AXIS2_PLACEMENT_3D('',#4417,#3168,#3169);
#2686=AXIS2_PLACEMENT_3D('',#4421,#3172,#3173);
#2687=AXIS2_PLACEMENT_3D('',#4425,#3176,#3177);
#2688=AXIS2_PLACEMENT_3D('',#4427,#3179,#3180);
#2689=AXIS2_PLACEMENT_3D('',#4428,#3181,#3182);
#2690=AXIS2_PLACEMENT_3D('',#4430,#3184,#3185);
#2691=AXIS2_PLACEMENT_3D('',#4433,#3188,#3189);
#2692=AXIS2_PLACEMENT_3D('',#4435,#3191,#3192);
#2693=AXIS2_PLACEMENT_3D('',#4437,#3194,#3195);
#2694=AXIS2_PLACEMENT_3D('',#4438,#3196,#3197);
#2695=AXIS2_PLACEMENT_3D('',#4440,#3199,#3200);
#2696=AXIS2_PLACEMENT_3D('',#4441,#3201,#3202);
#2697=AXIS2_PLACEMENT_3D('',#4442,#3203,#3204);
#2698=DIRECTION('axis',(0.,0.,1.));
#2699=DIRECTION('refdir',(1.,0.,0.));
#2700=DIRECTION('center_axis',(-0.305931069626638,-0.858666045773568,-0.411216247821856));
#2701=DIRECTION('ref_axis',(0.512535483489272,-0.512535483489275,0.688922895779225));
#2702=DIRECTION('center_axis',(-0.160950482952265,0.160950482952265,0.9737504218612));
#2703=DIRECTION('ref_axis',(0.986613411390535,0.,0.163076596924055));
#2704=DIRECTION('center_axis',(-1.40660846969991E-15,-1.,0.));
#2705=DIRECTION('ref_axis',(0.,0.,1.));
#2706=DIRECTION('center_axis',(1.,-3.44077383664821E-16,-2.08166817117217E-15));
#2707=DIRECTION('ref_axis',(0.,-0.986613411390535,0.163076596924056));
#2708=DIRECTION('center_axis',(0.230056776221916,-0.881316324771219,-0.41274134201232));
#2709=DIRECTION('ref_axis',(-0.429082141236958,-0.472526756588188,0.769809704004668));
#2710=DIRECTION('center_axis',(-1.,0.,0.));
#2711=DIRECTION('ref_axis',(0.,0.,1.));
#2712=DIRECTION('center_axis',(3.44077383664821E-16,-1.,6.93889390390722E-16));
#2713=DIRECTION('ref_axis',(-0.895903119199439,0.,0.444249480594763));
#2714=DIRECTION('center_axis',(0.439457263623154,0.146485754541052,0.886238814973362));
#2715=DIRECTION('ref_axis',(0.,-0.986613411390535,0.163076596924055));
#2716=DIRECTION('center_axis',(0.305931069626637,-0.858666045773569,0.411216247821855));
#2717=DIRECTION('ref_axis',(0.512535483489273,0.512535483489274,0.688922895779226));
#2718=DIRECTION('center_axis',(1.,2.81321693939982E-15,0.));
#2719=DIRECTION('ref_axis',(0.,0.,1.));
#2720=DIRECTION('center_axis',(0.,1.,0.));
#2721=DIRECTION('ref_axis',(0.986613411390535,0.,0.163076596924056));
#2722=DIRECTION('center_axis',(-0.160950482952264,-0.160950482952265,0.9737504218612));
#2723=DIRECTION('ref_axis',(3.46944695195361E-16,0.986613411390535,0.163076596924055));
#2724=DIRECTION('center_axis',(-3.10287447332698E-32,-1.,1.87723905636282E-31));
#2725=DIRECTION('ref_axis',(0.646886158097367,0.,0.762586584239474));
#2726=DIRECTION('',(3.10287447332698E-32,1.,-1.87723905636282E-31));
#2727=DIRECTION('',(-3.10287447332698E-32,-1.,1.87723905636282E-31));
#2728=DIRECTION('center_axis',(0.160950482952264,0.160950482952265,-0.9737504218612));
#2729=DIRECTION('ref_axis',(0.688545526481317,0.688545526481315,0.227618355861592));
#2730=DIRECTION('center_axis',(0.,-1.,0.));
#2731=DIRECTION('ref_axis',(-0.163076596924055,-9.73922863240765E-18,0.986613411390535));
#2732=DIRECTION('',(-0.160950482952264,-0.160950482952265,0.9737504218612));
#2733=DIRECTION('',(0.160950482952264,0.160950482952265,-0.9737504218612));
#2734=DIRECTION('center_axis',(-1.,0.,0.));
#2735=DIRECTION('ref_axis',(9.73922863240765E-18,-0.163076596924056,0.986613411390535));
#2736=DIRECTION('center_axis',(0.,0.,1.));
#2737=DIRECTION('ref_axis',(0.707106781186548,0.707106781186547,0.));
#2738=DIRECTION('center_axis',(-0.230056776221917,-0.881316324771219,0.412741342012319));
#2739=DIRECTION('ref_axis',(-0.429082141236959,0.472526756588186,0.769809704004669));
#2740=DIRECTION('center_axis',(-3.09805547283178E-15,1.,0.));
#2741=DIRECTION('ref_axis',(0.,0.,1.));
#2742=DIRECTION('center_axis',(-1.,-4.58769844886429E-16,2.77555756156289E-15));
#2743=DIRECTION('ref_axis',(0.,0.986613411390535,0.163076596924056));
#2744=DIRECTION('center_axis',(0.439457263623154,-0.14648575454105,0.886238814973362));
#2745=DIRECTION('ref_axis',(-0.895903119199439,0.,0.444249480594763));
#2746=DIRECTION('center_axis',(1.,-4.60281935631833E-16,-1.02152445551562E-31));
#2747=DIRECTION('ref_axis',(0.,0.646886158097365,0.762586584239476));
#2748=DIRECTION('',(-1.,4.60281935631833E-16,9.94358058187896E-32));
#2749=DIRECTION('',(1.,-4.60281935631833E-16,-1.02152445551562E-31));
#2750=DIRECTION('center_axis',(-0.439457263623154,0.146485754541052,-0.886238814973362));
#2751=DIRECTION('ref_axis',(-0.611727766267361,0.673665271819418,0.414685714152313));
#2752=DIRECTION('center_axis',(1.,0.,0.));
#2753=DIRECTION('ref_axis',(0.,-0.163076596924056,0.986613411390535));
#2754=DIRECTION('',(0.439457263623154,-0.146485754541052,0.886238814973362));
#2755=DIRECTION('',(-0.439457263623154,0.146485754541052,-0.886238814973362));
#2756=DIRECTION('center_axis',(0.,-1.,0.));
#2757=DIRECTION('ref_axis',(0.444249480594763,0.,0.895903119199439));
#2758=DIRECTION('center_axis',(1.48987295698553E-16,1.,-1.87723905636282E-31));
#2759=DIRECTION('ref_axis',(-0.527138748056543,0.,0.849779230328313));
#2760=DIRECTION('',(-1.48987295698553E-16,-1.,1.83529951662227E-31));
#2761=DIRECTION('',(1.48987295698553E-16,1.,-1.87723905636282E-31));
#2762=DIRECTION('center_axis',(-0.439457263623154,-0.146485754541051,-0.886238814973362));
#2763=DIRECTION('ref_axis',(-0.611727766267361,-0.673665271819417,0.414685714152315));
#2764=DIRECTION('center_axis',(4.74075063233781E-32,1.,0.));
#2765=DIRECTION('ref_axis',(0.444249480594763,0.,0.895903119199439));
#2766=DIRECTION('',(0.439457263623154,0.146485754541051,0.886238814973362));
#2767=DIRECTION('',(-0.439457263623154,-0.146485754541051,-0.886238814973362));
#2768=DIRECTION('center_axis',(1.,0.,0.));
#2769=DIRECTION('ref_axis',(0.,0.163076596924055,0.986613411390535));
#2770=DIRECTION('center_axis',(-1.,6.30575752927294E-16,1.02152445551562E-31));
#2771=DIRECTION('ref_axis',(0.,-0.646886158097367,0.762586584239474));
#2772=DIRECTION('',(1.,-6.30575752927294E-16,-9.94358058187895E-32));
#2773=DIRECTION('',(-1.,6.30575752927294E-16,1.02152445551562E-31));
#2774=DIRECTION('center_axis',(0.160950482952264,-0.160950482952265,-0.9737504218612));
#2775=DIRECTION('ref_axis',(0.688545526481317,-0.688545526481315,0.227618355861593));
#2776=DIRECTION('center_axis',(-1.,0.,0.));
#2777=DIRECTION('ref_axis',(0.,0.163076596924056,0.986613411390535));
#2778=DIRECTION('',(-0.160950482952264,0.160950482952265,0.9737504218612));
#2779=DIRECTION('',(0.160950482952264,-0.160950482952265,-0.9737504218612));
#2780=DIRECTION('center_axis',(4.74075063233781E-32,1.,0.));
#2781=DIRECTION('ref_axis',(-0.163076596924055,9.73922863240766E-18,0.986613411390535));
#2782=DIRECTION('center_axis',(0.,0.,1.));
#2783=DIRECTION('ref_axis',(0.707106781186548,-0.707106781186547,0.));
#2784=DIRECTION('center_axis',(4.54120330715161E-16,0.986613411390535,0.163076596924056));
#2785=DIRECTION('ref_axis',(0.,-0.163076596924056,0.986613411390535));
#2786=DIRECTION('',(-1.,0.,0.));
#2787=DIRECTION('center_axis',(0.,1.,0.));
#2788=DIRECTION('ref_axis',(-1.,0.,0.));
#2789=DIRECTION('',(1.,0.,0.));
#2790=DIRECTION('',(0.,0.,1.));
#2791=DIRECTION('center_axis',(1.,0.,0.));
#2792=DIRECTION('ref_axis',(0.,1.,0.));
#2793=DIRECTION('',(0.,1.,0.));
#2794=DIRECTION('',(0.,0.,-1.));
#2795=DIRECTION('',(0.,-1.,0.));
#2796=DIRECTION('center_axis',(0.986613411390535,0.,0.163076596924055));
#2797=DIRECTION('ref_axis',(0.163076596924055,0.,-0.986613411390535));
#2798=DIRECTION('',(0.,1.,0.));
#2799=DIRECTION('',(0.,1.,0.));
#2800=DIRECTION('',(0.,1.,0.));
#2801=DIRECTION('',(0.,1.,0.));
#2802=DIRECTION('',(0.,1.,0.));
#2803=DIRECTION('',(0.,1.,0.));
#2804=DIRECTION('center_axis',(0.,0.,1.));
#2805=DIRECTION('ref_axis',(1.,0.,0.));
#2806=DIRECTION('',(-1.,0.,0.));
#2807=DIRECTION('',(1.5770213417971E-16,1.,0.));
#2808=DIRECTION('',(1.,0.,0.));
#2809=DIRECTION('',(0.,-1.,0.));
#2810=DIRECTION('',(-1.,0.,0.));
#2811=DIRECTION('',(1.5770213417971E-16,1.,0.));
#2812=DIRECTION('',(1.,0.,0.));
#2813=DIRECTION('',(0.,-1.,0.));
#2814=DIRECTION('',(-1.,6.93889390390723E-16,0.));
#2815=DIRECTION('',(1.5770213417971E-16,1.,0.));
#2816=DIRECTION('',(1.,0.,0.));
#2817=DIRECTION('',(0.,-1.,0.));
#2818=DIRECTION('',(-1.,4.74075063233781E-32,0.));
#2819=DIRECTION('',(0.,1.,0.));
#2820=DIRECTION('',(-1.,0.,0.));
#2821=DIRECTION('',(0.,1.,0.));
#2822=DIRECTION('',(1.,3.46944695195361E-16,0.));
#2823=DIRECTION('',(0.,1.,0.));
#2824=DIRECTION('',(-1.,0.,0.));
#2825=DIRECTION('',(0.,1.,0.));
#2826=DIRECTION('',(1.,-1.38777878078144E-15,0.));
#2827=DIRECTION('',(0.,1.,0.));
#2828=DIRECTION('',(-1.,1.38777878078144E-15,0.));
#2829=DIRECTION('',(2.52323414687536E-15,1.,0.));
#2830=DIRECTION('',(1.,0.,0.));
#2831=DIRECTION('',(0.,1.,0.));
#2832=DIRECTION('center_axis',(1.,0.,0.));
#2833=DIRECTION('ref_axis',(0.,1.,0.));
#2834=DIRECTION('',(0.,0.,1.));
#2835=DIRECTION('center_axis',(1.02152445551562E-31,1.87723905636282E-31,
1.));
#2836=DIRECTION('ref_axis',(1.,0.,0.));
#2837=DIRECTION('center_axis',(-1.02152445551562E-31,-1.87723905636282E-31,
-1.));
#2838=DIRECTION('ref_axis',(-1.,-9.46212805078258E-17,0.));
#2839=DIRECTION('',(0.,1.,-1.87723905636282E-31));
#2840=DIRECTION('',(1.,0.,-1.02152445551562E-31));
#2841=DIRECTION('',(0.,1.,-1.87723905636282E-31));
#2842=DIRECTION('',(1.,0.,-1.02152445551562E-31));
#2843=DIRECTION('',(0.,-1.,1.87723905636282E-31));
#2844=DIRECTION('',(-1.,0.,1.02152445551562E-31));
#2845=DIRECTION('',(0.,-1.,1.87723905636282E-31));
#2846=DIRECTION('',(0.,-1.,1.87723905636282E-31));
#2847=DIRECTION('',(-1.,0.,1.02152445551562E-31));
#2848=DIRECTION('',(0.,1.,-1.87723905636282E-31));
#2849=DIRECTION('',(1.,0.,-1.02152445551562E-31));
#2850=DIRECTION('',(0.,1.,-1.87723905636282E-31));
#2851=DIRECTION('',(-1.,-3.82258717357608E-15,1.02152445551562E-31));
#2852=DIRECTION('',(0.,1.,-1.87723905636282E-31));
#2853=DIRECTION('',(1.,0.,-1.02152445551562E-31));
#2854=DIRECTION('',(7.70017560144823E-16,-1.,1.87723905636282E-31));
#2855=DIRECTION('',(1.,0.,-1.02152445551562E-31));
#2856=DIRECTION('',(-0.226513494660295,-0.974008027039193,2.05983498386867E-31));
#2857=DIRECTION('',(-1.,0.,1.02152445551562E-31));
#2858=DIRECTION('',(0.,1.,-1.87723905636282E-31));
#2859=DIRECTION('',(1.,0.,-1.02152445551562E-31));
#2860=DIRECTION('',(0.,-1.,1.87723905636282E-31));
#2861=DIRECTION('',(0.,-1.,1.87723905636282E-31));
#2862=DIRECTION('',(-1.,0.,1.02152445551562E-31));
#2863=DIRECTION('',(0.,1.,-1.87723905636282E-31));
#2864=DIRECTION('',(0.,-1.,1.87723905636282E-31));
#2865=DIRECTION('',(-1.,0.,1.02152445551562E-31));
#2866=DIRECTION('',(0.,1.,-1.87723905636282E-31));
#2867=DIRECTION('',(1.,0.,-1.02152445551562E-31));
#2868=DIRECTION('',(0.,-1.,1.87723905636282E-31));
#2869=DIRECTION('',(0.,-1.,1.87723905636282E-31));
#2870=DIRECTION('',(-0.453658506432778,-0.891175605333304,2.13637291118323E-31));
#2871=DIRECTION('',(-1.,0.,1.02152445551562E-31));
#2872=DIRECTION('',(0.459888692405044,0.88797657097357,-2.13673184627357E-31));
#2873=DIRECTION('',(-1.,0.,1.02152445551562E-31));
#2874=DIRECTION('',(0.,1.,-1.87723905636282E-31));
#2875=DIRECTION('',(1.,0.,-1.02152445551562E-31));
#2876=DIRECTION('',(0.,0.,-1.));
#2877=DIRECTION('',(0.,0.,-1.));
#2878=DIRECTION('',(0.,0.,-1.));
#2879=DIRECTION('',(0.,0.,-1.));
#2880=DIRECTION('',(0.,0.,-1.));
#2881=DIRECTION('',(0.,0.,-1.));
#2882=DIRECTION('',(0.,0.,-1.));
#2883=DIRECTION('',(0.,0.,-1.));
#2884=DIRECTION('',(0.,0.,-1.));
#2885=DIRECTION('',(0.,0.,-1.));
#2886=DIRECTION('',(0.,0.,-1.));
#2887=DIRECTION('',(0.,0.,-1.));
#2888=DIRECTION('center_axis',(0.,0.,1.));
#2889=DIRECTION('ref_axis',(1.,0.,0.));
#2890=DIRECTION('center_axis',(1.,0.,0.));
#2891=DIRECTION('ref_axis',(0.,-1.,0.));
#2892=DIRECTION('',(0.,0.,-1.));
#2893=DIRECTION('',(0.,-1.,0.));
#2894=DIRECTION('',(0.,0.,-1.));
#2895=DIRECTION('center_axis',(0.,1.,0.));
#2896=DIRECTION('ref_axis',(1.,0.,0.));
#2897=DIRECTION('',(0.,0.,-1.));
#2898=DIRECTION('',(1.,0.,0.));
#2899=DIRECTION('center_axis',(-1.,0.,0.));
#2900=DIRECTION('ref_axis',(0.,1.,0.));
#2901=DIRECTION('',(0.,0.,-1.));
#2902=DIRECTION('',(0.,1.,0.));
#2903=DIRECTION('center_axis',(0.,-1.,0.));
#2904=DIRECTION('ref_axis',(-1.,0.,0.));
#2905=DIRECTION('',(0.,0.,-1.));
#2906=DIRECTION('',(-1.,0.,0.));
#2907=DIRECTION('center_axis',(-0.88797657097357,0.459888692405044,0.));
#2908=DIRECTION('ref_axis',(0.459888692405044,0.88797657097357,0.));
#2909=DIRECTION('',(0.,0.,-1.));
#2910=DIRECTION('',(0.459888692405044,0.88797657097357,0.));
#2911=DIRECTION('center_axis',(0.,-1.,0.));
#2912=DIRECTION('ref_axis',(-1.,0.,0.));
#2913=DIRECTION('',(0.,0.,-1.));
#2914=DIRECTION('',(-1.,0.,0.));
#2915=DIRECTION('center_axis',(0.891175605333304,-0.453658506432778,0.));
#2916=DIRECTION('ref_axis',(-0.453658506432778,-0.891175605333304,0.));
#2917=DIRECTION('',(-0.453658506432778,-0.891175605333304,0.));
#2918=DIRECTION('center_axis',(0.,0.,-1.));
#2919=DIRECTION('ref_axis',(-1.,0.,0.));
#2920=DIRECTION('center_axis',(1.,0.,0.));
#2921=DIRECTION('ref_axis',(0.,-1.,0.));
#2922=DIRECTION('',(0.,0.,-1.));
#2923=DIRECTION('',(0.,-1.,0.));
#2924=DIRECTION('',(0.,0.,-1.));
#2925=DIRECTION('',(0.,0.,-1.));
#2926=DIRECTION('',(0.,0.,-1.));
#2927=DIRECTION('center_axis',(1.,0.,0.));
#2928=DIRECTION('ref_axis',(0.,-1.,0.));
#2929=DIRECTION('',(0.,0.,-1.));
#2930=DIRECTION('',(0.,-1.,0.));
#2931=DIRECTION('center_axis',(0.,1.,0.));
#2932=DIRECTION('ref_axis',(1.,0.,0.));
#2933=DIRECTION('',(0.,0.,-1.));
#2934=DIRECTION('',(1.,0.,0.));
#2935=DIRECTION('center_axis',(-1.,0.,0.));
#2936=DIRECTION('ref_axis',(0.,1.,0.));
#2937=DIRECTION('',(0.,0.,-1.));
#2938=DIRECTION('',(0.,1.,0.));
#2939=DIRECTION('center_axis',(0.,-1.,0.));
#2940=DIRECTION('ref_axis',(-1.,0.,0.));
#2941=DIRECTION('',(0.,0.,-1.));
#2942=DIRECTION('',(-1.,0.,0.));
#2943=DIRECTION('center_axis',(1.,0.,0.));
#2944=DIRECTION('ref_axis',(0.,-1.,0.));
#2945=DIRECTION('',(0.,0.,-1.));
#2946=DIRECTION('',(0.,-1.,0.));
#2947=DIRECTION('',(0.,0.,-1.));
#2948=DIRECTION('',(0.,0.,-1.));
#2949=DIRECTION('',(0.,0.,-1.));
#2950=DIRECTION('center_axis',(-1.,0.,0.));
#2951=DIRECTION('ref_axis',(0.,1.,0.));
#2952=DIRECTION('',(0.,0.,-1.));
#2953=DIRECTION('',(0.,1.,0.));
#2954=DIRECTION('center_axis',(0.,-1.,0.));
#2955=DIRECTION('ref_axis',(-1.,0.,0.));
#2956=DIRECTION('',(-1.,0.,0.));
#2957=DIRECTION('center_axis',(0.,0.,1.));
#2958=DIRECTION('ref_axis',(1.,0.,0.));
#2959=DIRECTION('',(0.,0.,-1.));
#2960=DIRECTION('',(0.,0.,-1.));
#2961=DIRECTION('center_axis',(-1.,-1.61254148188521E-15,0.));
#2962=DIRECTION('ref_axis',(-1.59872115546023E-15,1.,0.));
#2963=DIRECTION('',(1.61254148188521E-15,-1.,1.87723905636282E-31));
#2964=DIRECTION('',(1.61254148188521E-15,-1.,0.));
#2965=DIRECTION('',(0.,0.,-1.));
#2966=DIRECTION('',(0.,0.,-1.));
#2967=DIRECTION('',(0.,0.,-1.));
#2968=DIRECTION('',(0.,0.,-1.));
#2969=DIRECTION('',(0.,0.,-1.));
#2970=DIRECTION('',(0.,0.,-1.));
#2971=DIRECTION('center_axis',(1.,0.,0.));
#2972=DIRECTION('ref_axis',(0.,-1.,0.));
#2973=DIRECTION('',(0.,0.,-1.));
#2974=DIRECTION('',(0.,-1.,0.));
#2975=DIRECTION('center_axis',(0.,1.,0.));
#2976=DIRECTION('ref_axis',(1.,0.,0.));
#2977=DIRECTION('',(0.,0.,-1.));
#2978=DIRECTION('',(1.,0.,0.));
#2979=DIRECTION('center_axis',(-1.,0.,0.));
#2980=DIRECTION('ref_axis',(0.,1.,0.));
#2981=DIRECTION('',(0.,0.,-1.));
#2982=DIRECTION('',(0.,1.,0.));
#2983=DIRECTION('center_axis',(0.,-1.,0.));
#2984=DIRECTION('ref_axis',(-1.,0.,0.));
#2985=DIRECTION('',(0.,0.,-1.));
#2986=DIRECTION('',(-1.,0.,0.));
#2987=DIRECTION('center_axis',(0.974008027039193,-0.226513494660295,0.));
#2988=DIRECTION('ref_axis',(-0.226513494660295,-0.974008027039193,0.));
#2989=DIRECTION('',(0.,0.,-1.));
#2990=DIRECTION('',(-0.226513494660295,-0.974008027039193,0.));
#2991=DIRECTION('',(0.,0.,-1.));
#2992=DIRECTION('center_axis',(0.,0.,1.));
#2993=DIRECTION('ref_axis',(1.,0.,0.));
#2994=DIRECTION('center_axis',(1.,0.,0.));
#2995=DIRECTION('ref_axis',(0.,-1.,0.));
#2996=DIRECTION('',(0.,0.,-1.));
#2997=DIRECTION('',(0.,-1.,0.));
#2998=DIRECTION('',(0.,0.,-1.));
#2999=DIRECTION('center_axis',(0.,1.,0.));
#3000=DIRECTION('ref_axis',(1.,0.,0.));
#3001=DIRECTION('',(0.,0.,-1.));
#3002=DIRECTION('',(1.,0.,0.));
#3003=DIRECTION('center_axis',(1.,7.70017560144823E-16,0.));
#3004=DIRECTION('ref_axis',(7.7715611723761E-16,-1.,0.));
#3005=DIRECTION('',(0.,0.,-1.));
#3006=DIRECTION('',(7.70017560144823E-16,-1.,0.));
#3007=DIRECTION('center_axis',(0.,1.,0.));
#3008=DIRECTION('ref_axis',(1.,0.,0.));
#3009=DIRECTION('',(0.,0.,-1.));
#3010=DIRECTION('',(1.,0.,0.));
#3011=DIRECTION('',(0.,0.,-1.));
#3012=DIRECTION('center_axis',(-1.,0.,0.));
#3013=DIRECTION('ref_axis',(0.,1.,0.));
#3014=DIRECTION('',(0.,0.,-1.));
#3015=DIRECTION('',(0.,1.,0.));
#3016=DIRECTION('center_axis',(3.82258717357608E-15,-1.,0.));
#3017=DIRECTION('ref_axis',(-1.,-3.81916720471054E-15,0.));
#3018=DIRECTION('',(0.,0.,-1.));
#3019=DIRECTION('',(-1.,-3.82258717357608E-15,0.));
#3020=DIRECTION('center_axis',(-1.,0.,0.));
#3021=DIRECTION('ref_axis',(0.,1.,0.));
#3022=DIRECTION('',(0.,0.,-1.));
#3023=DIRECTION('',(0.,1.,0.));
#3024=DIRECTION('center_axis',(0.,1.,0.));
#3025=DIRECTION('ref_axis',(1.,0.,0.));
#3026=DIRECTION('',(0.,0.,-1.));
#3027=DIRECTION('',(1.,0.,0.));
#3028=DIRECTION('center_axis',(-1.,0.,0.));
#3029=DIRECTION('ref_axis',(0.,1.,0.));
#3030=DIRECTION('',(0.,0.,-1.));
#3031=DIRECTION('',(0.,1.,0.));
#3032=DIRECTION('center_axis',(0.,-1.,0.));
#3033=DIRECTION('ref_axis',(-1.,0.,0.));
#3034=DIRECTION('',(-1.,0.,0.));
#3035=DIRECTION('center_axis',(0.,0.,1.));
#3036=DIRECTION('ref_axis',(1.,0.,0.));
#3037=DIRECTION('',(0.,0.,-1.));
#3038=DIRECTION('',(0.,0.,-1.));
#3039=DIRECTION('',(0.,0.,-1.));
#3040=DIRECTION('',(0.,0.,-1.));
#3041=DIRECTION('center_axis',(1.,0.,0.));
#3042=DIRECTION('ref_axis',(0.,-1.,0.));
#3043=DIRECTION('',(0.,0.,-1.));
#3044=DIRECTION('',(0.,-1.,0.));
#3045=DIRECTION('center_axis',(0.,-1.,0.));
#3046=DIRECTION('ref_axis',(-1.,0.,0.));
#3047=DIRECTION('',(0.,0.,-1.));
#3048=DIRECTION('',(-1.,0.,0.));
#3049=DIRECTION('center_axis',(1.,0.,0.));
#3050=DIRECTION('ref_axis',(0.,-1.,0.));
#3051=DIRECTION('',(0.,0.,-1.));
#3052=DIRECTION('',(0.,-1.,0.));
#3053=DIRECTION('center_axis',(0.,1.,0.));
#3054=DIRECTION('ref_axis',(1.,0.,0.));
#3055=DIRECTION('',(0.,0.,-1.));
#3056=DIRECTION('',(1.,0.,0.));
#3057=DIRECTION('center_axis',(-1.,0.,0.));
#3058=DIRECTION('ref_axis',(0.,1.,0.));
#3059=DIRECTION('',(0.,0.,-1.));
#3060=DIRECTION('',(0.,1.,0.));
#3061=DIRECTION('',(0.,0.,-1.));
#3062=DIRECTION('',(0.,0.,-1.));
#3063=DIRECTION('',(0.,0.,-1.));
#3064=DIRECTION('',(0.,0.,-1.));
#3065=DIRECTION('',(0.,0.,-1.));
#3066=DIRECTION('',(0.,0.,-1.));
#3067=DIRECTION('',(0.,0.,-1.));
#3068=DIRECTION('center_axis',(0.,1.,0.));
#3069=DIRECTION('ref_axis',(1.,0.,0.));
#3070=DIRECTION('',(0.,0.,-1.));
#3071=DIRECTION('',(1.,0.,0.));
#3072=DIRECTION('center_axis',(-1.,0.,0.));
#3073=DIRECTION('ref_axis',(0.,1.,0.));
#3074=DIRECTION('',(0.,0.,-1.));
#3075=DIRECTION('',(0.,1.,0.));
#3076=DIRECTION('',(0.,0.,-1.));
#3077=DIRECTION('',(0.,0.,-1.));
#3078=DIRECTION('center_axis',(0.,0.,1.));
#3079=DIRECTION('ref_axis',(1.,0.,0.));
#3080=DIRECTION('center_axis',(1.02152445551562E-31,1.87723905636282E-31,
1.));
#3081=DIRECTION('ref_axis',(1.,0.,0.));
#3082=DIRECTION('center_axis',(0.,0.,-1.));
#3083=DIRECTION('ref_axis',(-1.,-9.46212805078258E-17,0.));
#3084=DIRECTION('center_axis',(-1.02152445551562E-31,-1.87723905636282E-31,
-1.));
#3085=DIRECTION('ref_axis',(-1.,-9.46212805078258E-17,1.02152445551562E-31));
#3086=DIRECTION('center_axis',(-1.02152445551562E-31,-1.87723905636282E-31,
-1.));
#3087=DIRECTION('ref_axis',(-1.,0.,0.));
#3088=DIRECTION('center_axis',(-1.,0.,0.));
#3089=DIRECTION('ref_axis',(0.,-1.,0.));
#3090=DIRECTION('',(0.,0.,1.));
#3091=DIRECTION('',(0.,-1.,0.));
#3092=DIRECTION('',(0.,0.,1.));
#3093=DIRECTION('center_axis',(1.38777878078144E-15,1.,0.));
#3094=DIRECTION('ref_axis',(-1.,1.38777878078145E-15,0.));
#3095=DIRECTION('',(-1.,1.38777878078144E-15,0.));
#3096=DIRECTION('',(0.,0.,1.));
#3097=DIRECTION('center_axis',(0.,-1.,0.));
#3098=DIRECTION('ref_axis',(1.,0.,0.));
#3099=DIRECTION('',(0.,0.,-1.));
#3100=DIRECTION('',(1.,0.,0.));
#3101=DIRECTION('center_axis',(0.,0.,1.));
#3102=DIRECTION('ref_axis',(1.,0.,0.));
#3103=DIRECTION('',(0.,-1.,0.));
#3104=DIRECTION('center_axis',(0.,1.,0.));
#3105=DIRECTION('ref_axis',(-1.,0.,0.));
#3106=DIRECTION('',(-1.,0.,0.));
#3107=DIRECTION('',(0.,0.,1.));
#3108=DIRECTION('center_axis',(1.,-1.5770213417971E-16,0.));
#3109=DIRECTION('ref_axis',(1.58206781009085E-16,1.,0.));
#3110=DIRECTION('',(1.5770213417971E-16,1.,0.));
#3111=DIRECTION('',(0.,0.,1.));
#3112=DIRECTION('center_axis',(0.,-1.,0.));
#3113=DIRECTION('ref_axis',(1.,0.,0.));
#3114=DIRECTION('',(1.,0.,0.));
#3115=DIRECTION('',(0.,0.,1.));
#3116=DIRECTION('center_axis',(0.,0.,1.));
#3117=DIRECTION('ref_axis',(1.,0.,0.));
#3118=DIRECTION('center_axis',(6.93889390390723E-16,1.,0.));
#3119=DIRECTION('ref_axis',(-1.,6.93889390390723E-16,0.));
#3120=DIRECTION('',(0.,0.,-1.));
#3121=DIRECTION('',(-1.,6.93889390390723E-16,0.));
#3122=DIRECTION('',(0.,0.,1.));
#3123=DIRECTION('center_axis',(1.,-1.5770213417971E-16,0.));
#3124=DIRECTION('ref_axis',(1.58206781009085E-16,1.,0.));
#3125=DIRECTION('',(1.5770213417971E-16,1.,0.));
#3126=DIRECTION('',(0.,0.,1.));
#3127=DIRECTION('center_axis',(0.,-1.,0.));
#3128=DIRECTION('ref_axis',(1.,0.,0.));
#3129=DIRECTION('',(1.,0.,0.));
#3130=DIRECTION('center_axis',(0.,0.,1.));
#3131=DIRECTION('ref_axis',(1.,0.,0.));
#3132=DIRECTION('center_axis',(0.,1.,0.));
#3133=DIRECTION('ref_axis',(-1.,0.,0.));
#3134=DIRECTION('',(0.,0.,-1.));
#3135=DIRECTION('',(-1.,0.,0.));
#3136=DIRECTION('',(0.,0.,1.));
#3137=DIRECTION('center_axis',(1.,-1.5770213417971E-16,0.));
#3138=DIRECTION('ref_axis',(1.58206781009085E-16,1.,0.));
#3139=DIRECTION('',(1.5770213417971E-16,1.,0.));
#3140=DIRECTION('',(0.,0.,1.));
#3141=DIRECTION('center_axis',(0.,-1.,0.));
#3142=DIRECTION('ref_axis',(1.,0.,0.));
#3143=DIRECTION('',(1.,0.,0.));
#3144=DIRECTION('',(0.,0.,1.));
#3145=DIRECTION('center_axis',(0.,0.,1.));
#3146=DIRECTION('ref_axis',(1.,0.,0.));
#3147=DIRECTION('center_axis',(-1.,0.,0.));
#3148=DIRECTION('ref_axis',(0.,-1.,0.));
#3149=DIRECTION('',(0.,0.,1.));
#3150=DIRECTION('',(0.,-1.,0.));
#3151=DIRECTION('',(0.,0.,1.));
#3152=DIRECTION('center_axis',(-3.46944695195361E-16,1.,0.));
#3153=DIRECTION('ref_axis',(-1.,-3.44169137633799E-16,0.));
#3154=DIRECTION('',(-1.,-3.46944695195361E-16,0.));
#3155=DIRECTION('',(0.,0.,1.));
#3156=DIRECTION('center_axis',(0.,-1.,0.));
#3157=DIRECTION('ref_axis',(1.,0.,0.));
#3158=DIRECTION('',(0.,0.,-1.));
#3159=DIRECTION('',(1.,0.,0.));
#3160=DIRECTION('center_axis',(0.,0.,1.));
#3161=DIRECTION('ref_axis',(1.,0.,0.));
#3162=DIRECTION('',(0.,-1.,0.));
#3163=DIRECTION('center_axis',(-1.,2.52323414687536E-15,0.));
#3164=DIRECTION('ref_axis',(-2.53130849614536E-15,-1.,0.));
#3165=DIRECTION('',(0.,0.,1.));
#3166=DIRECTION('',(-2.52323414687536E-15,-1.,0.));
#3167=DIRECTION('',(0.,0.,1.));
#3168=DIRECTION('center_axis',(0.,1.,0.));
#3169=DIRECTION('ref_axis',(-1.,0.,0.));
#3170=DIRECTION('',(-1.,0.,0.));
#3171=DIRECTION('',(0.,0.,1.));
#3172=DIRECTION('center_axis',(-1.38777878078144E-15,-1.,0.));
#3173=DIRECTION('ref_axis',(1.,-1.37667655053519E-15,0.));
#3174=DIRECTION('',(0.,0.,-1.));
#3175=DIRECTION('',(1.,-1.38777878078144E-15,0.));
#3176=DIRECTION('center_axis',(0.,0.,1.));
#3177=DIRECTION('ref_axis',(1.,0.,0.));
#3178=DIRECTION('',(0.,-1.,0.));
#3179=DIRECTION('center_axis',(1.,0.,0.));
#3180=DIRECTION('ref_axis',(0.,1.,0.));
#3181=DIRECTION('center_axis',(-1.,0.,0.));
#3182=DIRECTION('ref_axis',(0.,-1.,0.));
#3183=DIRECTION('',(0.,-1.,0.));
#3184=DIRECTION('center_axis',(-1.,0.,0.));
#3185=DIRECTION('ref_axis',(0.,-1.,0.));
#3186=DIRECTION('',(0.,-1.,0.));
#3187=DIRECTION('',(0.,0.,1.));
#3188=DIRECTION('center_axis',(-1.,0.,0.));
#3189=DIRECTION('ref_axis',(0.,-1.,0.));
#3190=DIRECTION('',(0.,-1.,0.));
#3191=DIRECTION('center_axis',(-1.,0.,0.));
#3192=DIRECTION('ref_axis',(0.,-1.,0.));
#3193=DIRECTION('',(0.,-1.,0.));
#3194=DIRECTION('center_axis',(1.02152445551562E-31,1.87723905636282E-31,
1.));
#3195=DIRECTION('ref_axis',(1.,0.,0.));
#3196=DIRECTION('center_axis',(-6.22134494735753E-16,-0.986613411390535,
0.163076596924056));
#3197=DIRECTION('ref_axis',(0.,-0.163076596924056,-0.986613411390535));
#3198=DIRECTION('',(1.,-4.74075063233781E-32,0.));
#3199=DIRECTION('center_axis',(-0.895903119199439,1.33478182937423E-16,
0.444249480594763));
#3200=DIRECTION('ref_axis',(0.444249480594763,0.,0.895903119199439));
#3201=DIRECTION('center_axis',(1.,0.,0.));
#3202=DIRECTION('ref_axis',(0.,1.,0.));
#3203=DIRECTION('center_axis',(-4.74075063233781E-32,-1.,0.));
#3204=DIRECTION('ref_axis',(1.,-4.74075063233781E-32,0.));
#3205=CARTESIAN_POINT('',(0.,0.,0.));
#3206=CARTESIAN_POINT('Origin',(-0.184827896460112,0.184827896460113,0.65));
#3207=CARTESIAN_POINT('',(-0.0861665553210587,0.184827896460112,0.666307659692406));
#3208=CARTESIAN_POINT('',(-0.184827896460112,0.086166555321059,0.666307659692406));
#3209=CARTESIAN_POINT('Origin',(-0.184827896460112,0.184827896460112,0.65));
#3210=CARTESIAN_POINT('',(-0.184827896460112,0.184827896460113,0.75));
#3211=CARTESIAN_POINT('Origin',(-0.184827896460112,0.184827896460113,0.65));
#3212=CARTESIAN_POINT('Origin',(-0.184827896460112,0.184827896460113,0.65));
#3213=CARTESIAN_POINT('Origin',(-2.23796756507536,0.184827896460114,0.65));
#3214=CARTESIAN_POINT('',(-2.23796756507536,0.184827896460114,0.75));
#3215=CARTESIAN_POINT('',(-2.23796756507536,0.0861665553210604,0.666307659692406));
#3216=CARTESIAN_POINT('Origin',(-2.23796756507536,0.184827896460114,0.65));
#3217=CARTESIAN_POINT('',(-2.3275578769953,0.184827896460114,0.694424948059476));
#3218=CARTESIAN_POINT('Origin',(-2.23796756507536,0.184827896460114,0.65));
#3219=CARTESIAN_POINT('Origin',(-2.23796756507536,0.184827896460114,0.65));
#3220=CARTESIAN_POINT('Origin',(-0.184827896460112,1.41517210353989,0.65));
#3221=CARTESIAN_POINT('',(-0.184827896460112,1.41517210353989,0.75));
#3222=CARTESIAN_POINT('',(-0.184827896460112,1.51383344467894,0.666307659692406));
#3223=CARTESIAN_POINT('Origin',(-0.184827896460112,1.41517210353989,0.65));
#3224=CARTESIAN_POINT('',(-0.0861665553210587,1.41517210353989,0.666307659692406));
#3225=CARTESIAN_POINT('Origin',(-0.184827896460112,1.41517210353989,0.65));
#3226=CARTESIAN_POINT('Origin',(-0.184827896460112,1.41517210353989,0.65));
#3227=CARTESIAN_POINT('Origin',(-0.184827896460112,1.15,0.65));
#3228=CARTESIAN_POINT('',(-0.0861665553210587,1.15,0.666307659692406));
#3229=CARTESIAN_POINT('',(-0.184827896460112,1.15,0.75));
#3230=CARTESIAN_POINT('Origin',(-0.224601077137006,1.37539892286299,0.890627743095205));
#3231=CARTESIAN_POINT('',(-0.00990256129371567,1.6,0.));
#3232=CARTESIAN_POINT('',(-0.0986613411390536,1.6,0.145));
#3233=CARTESIAN_POINT('Origin',(6.93889390390723E-16,1.6,-0.468208773583685));
#3234=CARTESIAN_POINT('',(-0.224601077137006,1.47406026400205,0.90693540278761));
#3235=CARTESIAN_POINT('',(0.,1.50133865886095,0.145));
#3236=CARTESIAN_POINT('',(-0.125939735997952,1.37539892286299,0.90693540278761));
#3237=CARTESIAN_POINT('',(1.73472347597681E-17,1.59009743870628,-1.38777878078145E-16));
#3238=CARTESIAN_POINT('Origin',(3.46944695195361E-17,1.6,-0.468208773583681));
#3239=CARTESIAN_POINT('Origin',(-0.0773898799311869,1.52261012006881,0.));
#3240=CARTESIAN_POINT('Origin',(-2.23796756507536,1.41517210353989,0.65));
#3241=CARTESIAN_POINT('',(-2.23796756507536,1.41517210353989,0.75));
#3242=CARTESIAN_POINT('',(-2.3275578769953,1.41517210353989,0.694424948059476));
#3243=CARTESIAN_POINT('Origin',(-2.23796756507536,1.41517210353989,0.65));
#3244=CARTESIAN_POINT('',(-2.23796756507536,1.51383344467894,0.666307659692406));
#3245=CARTESIAN_POINT('Origin',(-2.23796756507536,1.41517210353989,0.65));
#3246=CARTESIAN_POINT('Origin',(-2.23796756507536,1.41517210353989,0.65));
#3247=CARTESIAN_POINT('Origin',(-1.75,1.41517210353989,0.65));
#3248=CARTESIAN_POINT('',(-1.75,1.51383344467894,0.666307659692406));
#3249=CARTESIAN_POINT('',(-1.75,1.41517210353989,0.75));
#3250=CARTESIAN_POINT('Origin',(-2.17139979733118,1.39298284762516,0.784244998284085));
#3251=CARTESIAN_POINT('',(-2.6,1.6,0.0523856294131098));
#3252=CARTESIAN_POINT('',(-2.6,1.50598614454145,0.145));
#3253=CARTESIAN_POINT('Origin',(-2.6,1.5358495818481,-0.0800987437646963));
#3254=CARTESIAN_POINT('',(-2.26099010925113,1.39298284762516,0.828669946343561));
#3255=CARTESIAN_POINT('',(-2.49646723103853,1.6,0.145));
#3256=CARTESIAN_POINT('',(-2.17139979733118,1.49164418876422,0.80055265797649));
#3257=CARTESIAN_POINT('Origin',(-2.79245125445569,1.6,-0.468208773583679));
#3258=CARTESIAN_POINT('Origin',(-2.23796756507536,0.45,0.65));
#3259=CARTESIAN_POINT('',(-2.3275578769953,0.45,0.694424948059476));
#3260=CARTESIAN_POINT('',(-2.23796756507536,0.45,0.75));
#3261=CARTESIAN_POINT('Origin',(-2.00402680232019,0.262808150711838,1.12178053822293));
#3262=CARTESIAN_POINT('',(-2.6,3.46944695195361E-17,0.052385629413107));
#3263=CARTESIAN_POINT('',(-2.49646723103853,1.18351286041566E-31,0.145));
#3264=CARTESIAN_POINT('Origin',(-2.7924512544557,0.,-0.468208773583689));
#3265=CARTESIAN_POINT('',(-2.00402680232019,0.164146809572784,1.13808819791533));
#3266=CARTESIAN_POINT('',(-2.6,0.0940138554585475,0.145));
#3267=CARTESIAN_POINT('',(-2.09361711424013,0.262808150711838,1.16620548628241));
#3268=CARTESIAN_POINT('Origin',(-2.6,0.0641504181518995,-0.0800987437646966));
#3269=CARTESIAN_POINT('Origin',(-0.65,0.184827896460113,0.65));
#3270=CARTESIAN_POINT('',(-0.65,0.0861665553210594,0.666307659692406));
#3271=CARTESIAN_POINT('',(-0.65,0.184827896460113,0.75));
#3272=CARTESIAN_POINT('Origin',(-0.214239053951979,0.214239053951979,0.827937502825792));
#3273=CARTESIAN_POINT('',(-3.46944695195361E-17,0.00990256129371451,0.));
#3274=CARTESIAN_POINT('',(0.,0.0986613411390533,0.145));
#3275=CARTESIAN_POINT('Origin',(0.,-4.16333634234434E-16,-0.46820877358368));
#3276=CARTESIAN_POINT('',(-0.115577712812925,0.214239053951979,0.844245162518198));
#3277=CARTESIAN_POINT('',(-0.0986613411390536,4.67728815392265E-33,0.145));
#3278=CARTESIAN_POINT('',(-0.214239053951979,0.115577712812926,0.844245162518198));
#3279=CARTESIAN_POINT('',(-0.00990256129371462,-3.46944695195361E-17,-1.38777878078145E-16));
#3280=CARTESIAN_POINT('Origin',(-4.16333634234434E-16,0.,-0.468208773583678));
#3281=CARTESIAN_POINT('Origin',(-0.0773898799311867,0.0773898799311865,
0.));
#3282=CARTESIAN_POINT('Origin',(-2.3,1.5,0.75));
#3283=CARTESIAN_POINT('',(-2.6,1.6,0.145));
#3284=CARTESIAN_POINT('Origin',(0.,1.6,0.));
#3285=CARTESIAN_POINT('',(-2.6,1.6,0.));
#3286=CARTESIAN_POINT('',(-2.6,1.6,0.));
#3287=CARTESIAN_POINT('',(-2.6,1.6,0.));
#3288=CARTESIAN_POINT('Origin',(0.,0.,0.));
#3289=CARTESIAN_POINT('',(1.01668254298393E-18,1.41,0.145));
#3290=CARTESIAN_POINT('',(0.,1.6,0.145));
#3291=CARTESIAN_POINT('',(1.01668254298393E-18,1.41,0.));
#3292=CARTESIAN_POINT('',(0.,1.41,0.));
#3293=CARTESIAN_POINT('',(0.,1.6,0.));
#3294=CARTESIAN_POINT('Origin',(-0.1,1.5,0.75));
#3295=CARTESIAN_POINT('',(0.,0.19,0.145));
#3296=CARTESIAN_POINT('',(0.,1.6,0.145));
#3297=CARTESIAN_POINT('',(5.47669488846904E-17,0.41,0.145));
#3298=CARTESIAN_POINT('',(0.,1.6,0.145));
#3299=CARTESIAN_POINT('',(0.,0.69,0.145));
#3300=CARTESIAN_POINT('',(0.,1.6,0.145));
#3301=CARTESIAN_POINT('',(5.30493661920914E-19,0.91,0.145));
#3302=CARTESIAN_POINT('',(0.,1.6,0.145));
#3303=CARTESIAN_POINT('',(0.,1.19,0.145));
#3304=CARTESIAN_POINT('',(0.,1.6,0.145));
#3305=CARTESIAN_POINT('',(0.,1.6,0.145));
#3306=CARTESIAN_POINT('Origin',(-1.3,0.8,0.));
#3307=CARTESIAN_POINT('',(0.2,1.41,0.));
#3308=CARTESIAN_POINT('',(0.2,1.41,0.));
#3309=CARTESIAN_POINT('',(0.2,1.19,0.));
#3310=CARTESIAN_POINT('',(0.2,1.19,0.));
#3311=CARTESIAN_POINT('',(0.,1.19,0.));
#3312=CARTESIAN_POINT('',(0.,1.19,0.));
#3313=CARTESIAN_POINT('',(5.30493661920914E-19,0.91,0.));
#3314=CARTESIAN_POINT('',(0.,1.6,0.));
#3315=CARTESIAN_POINT('',(0.2,0.91,0.));
#3316=CARTESIAN_POINT('',(0.2,0.91,0.));
#3317=CARTESIAN_POINT('',(0.2,0.69,0.));
#3318=CARTESIAN_POINT('',(0.2,0.69,0.));
#3319=CARTESIAN_POINT('',(0.,0.69,0.));
#3320=CARTESIAN_POINT('',(0.,0.69,0.));
#3321=CARTESIAN_POINT('',(5.47669488846904E-17,0.41,0.));
#3322=CARTESIAN_POINT('',(0.,1.6,0.));
#3323=CARTESIAN_POINT('',(0.2,0.41,0.));
#3324=CARTESIAN_POINT('',(0.2,0.41,0.));
#3325=CARTESIAN_POINT('',(0.2,0.19,0.));
#3326=CARTESIAN_POINT('',(0.2,0.19,0.));
#3327=CARTESIAN_POINT('',(0.,0.19,0.));
#3328=CARTESIAN_POINT('',(0.,0.19,0.));
#3329=CARTESIAN_POINT('',(0.,1.6,0.));
#3330=CARTESIAN_POINT('',(-2.6,1.23259516440783E-31,0.));
#3331=CARTESIAN_POINT('',(0.,0.,0.));
#3332=CARTESIAN_POINT('',(-2.6,0.19,0.));
#3333=CARTESIAN_POINT('',(-2.6,1.23259516440783E-31,0.));
#3334=CARTESIAN_POINT('',(-2.8,0.19,0.));
#3335=CARTESIAN_POINT('',(-2.6,0.19,0.));
#3336=CARTESIAN_POINT('',(-2.8,0.41,0.));
#3337=CARTESIAN_POINT('',(-2.8,0.19,0.));
#3338=CARTESIAN_POINT('',(-2.6,0.41,0.));
#3339=CARTESIAN_POINT('',(-2.8,0.41,0.));
#3340=CARTESIAN_POINT('',(-2.6,0.69,0.));
#3341=CARTESIAN_POINT('',(-2.6,1.23259516440783E-31,0.));
#3342=CARTESIAN_POINT('',(-2.8,0.69,0.));
#3343=CARTESIAN_POINT('',(-2.6,0.69,0.));
#3344=CARTESIAN_POINT('',(-2.8,0.91,0.));
#3345=CARTESIAN_POINT('',(-2.8,0.69,0.));
#3346=CARTESIAN_POINT('',(-2.6,0.91,0.));
#3347=CARTESIAN_POINT('',(-2.8,0.91,0.));
#3348=CARTESIAN_POINT('',(-2.6,1.19,0.));
#3349=CARTESIAN_POINT('',(-2.6,1.23259516440783E-31,0.));
#3350=CARTESIAN_POINT('',(-2.8,1.19,0.));
#3351=CARTESIAN_POINT('',(-2.6,1.19,0.));
#3352=CARTESIAN_POINT('',(-2.8,1.41,0.));
#3353=CARTESIAN_POINT('',(-2.8,1.19,0.));
#3354=CARTESIAN_POINT('',(-2.6,1.41,0.));
#3355=CARTESIAN_POINT('',(-2.8,1.41,0.));
#3356=CARTESIAN_POINT('',(-2.6,1.23259516440783E-31,0.));
#3357=CARTESIAN_POINT('Origin',(0.,0.,0.));
#3358=CARTESIAN_POINT('',(0.,0.19,0.));
#3359=CARTESIAN_POINT('Origin',(-1.2,0.8,0.75));
#3360=CARTESIAN_POINT('',(-1.94873954545853,1.27347251418134,0.75));
#3361=CARTESIAN_POINT('Origin',(-2.08337216900747,1.27347251418134,0.75));
#3362=CARTESIAN_POINT('',(-0.810008209838453,0.773218924664031,0.75));
#3363=CARTESIAN_POINT('',(-0.768841273967682,0.676622492463324,0.75));
#3364=CARTESIAN_POINT('Ctrl Pts',(-0.810008209838453,0.773218924664031,
0.75));
#3365=CARTESIAN_POINT('Ctrl Pts',(-0.790235114656429,0.758308066002177,
0.75));
#3366=CARTESIAN_POINT('Ctrl Pts',(-0.768841273967682,0.712927191813925,
0.75));
#3367=CARTESIAN_POINT('Ctrl Pts',(-0.768841273967682,0.676622492463324,
0.75));
#3368=CARTESIAN_POINT('',(-0.80417352601425,0.580350209363962,0.75));
#3369=CARTESIAN_POINT('Ctrl Pts',(-0.768841273967682,0.676622492463324,
0.75));
#3370=CARTESIAN_POINT('Ctrl Pts',(-0.768841273967682,0.64777322244365,0.75));
#3371=CARTESIAN_POINT('Ctrl Pts',(-0.787317772744328,0.598502559039262,
0.75));
#3372=CARTESIAN_POINT('Ctrl Pts',(-0.80417352601425,0.580350209363962,0.75));
#3373=CARTESIAN_POINT('',(-0.90239070372168,0.541128168101258,0.75));
#3374=CARTESIAN_POINT('Ctrl Pts',(-0.80417352601425,0.580350209363962,0.75));
#3375=CARTESIAN_POINT('Ctrl Pts',(-0.821029279284171,0.562197859688661,
0.75));
#3376=CARTESIAN_POINT('Ctrl Pts',(-0.871272389992593,0.541128168101258,
0.75));
#3377=CARTESIAN_POINT('Ctrl Pts',(-0.90239070372168,0.541128168101258,0.75));
#3378=CARTESIAN_POINT('',(-1.007090863456,0.563818605195384,0.75));
#3379=CARTESIAN_POINT('Ctrl Pts',(-0.90239070372168,0.541128168101258,0.75));
#3380=CARTESIAN_POINT('Ctrl Pts',(-0.930915824640009,0.541128168101258,
0.75));
#3381=CARTESIAN_POINT('Ctrl Pts',(-0.98666947007129,0.5537699830537,0.75));
#3382=CARTESIAN_POINT('Ctrl Pts',(-1.007090863456,0.563818605195384,0.75));
#3383=CARTESIAN_POINT('',(-1.007090863456,0.620544697930699,0.75));
#3384=CARTESIAN_POINT('',(-1.007090863456,0.681909302597692,0.75));
#3385=CARTESIAN_POINT('',(-1.00320107423987,0.620544697930699,0.75));
#3386=CARTESIAN_POINT('',(-1.103545431728,0.620544697930699,0.75));
#3387=CARTESIAN_POINT('',(-0.960089243761028,0.599150857241952,0.75));
#3388=CARTESIAN_POINT('Ctrl Pts',(-1.00320107423987,0.620544697930699,0.75));
#3389=CARTESIAN_POINT('Ctrl Pts',(-0.997042241314319,0.616006610511874,
0.75));
#3390=CARTESIAN_POINT('Ctrl Pts',(-0.974027655118848,0.604337242863466,
0.75));
#3391=CARTESIAN_POINT('Ctrl Pts',(-0.960089243761028,0.599150857241952,
0.75));
#3392=CARTESIAN_POINT('',(-0.901418256417646,0.587481489593544,0.75));
#3393=CARTESIAN_POINT('Ctrl Pts',(-0.960089243761028,0.599150857241952,
0.75));
#3394=CARTESIAN_POINT('Ctrl Pts',(-0.94420593779514,0.593640322519092,0.75));
#3395=CARTESIAN_POINT('Ctrl Pts',(-0.917949860586223,0.587481489593544,
0.75));
#3396=CARTESIAN_POINT('Ctrl Pts',(-0.901418256417646,0.587481489593544,
0.75));
#3397=CARTESIAN_POINT('',(-0.843719716378297,0.611792672194393,0.75));
#3398=CARTESIAN_POINT('Ctrl Pts',(-0.901418256417646,0.587481489593544,
0.75));
#3399=CARTESIAN_POINT('Ctrl Pts',(-0.885210801350413,0.587481489593544,
0.75));
#3400=CARTESIAN_POINT('Ctrl Pts',(-0.854740785824015,0.599150857241952,
0.75));
#3401=CARTESIAN_POINT('Ctrl Pts',(-0.843719716378297,0.611792672194393,
0.75));
#3402=CARTESIAN_POINT('',(-0.823298322993584,0.676946641564668,0.75));
#3403=CARTESIAN_POINT('Ctrl Pts',(-0.843719716378297,0.611792672194393,
0.75));
#3404=CARTESIAN_POINT('Ctrl Pts',(-0.833671094236613,0.623786188944145,
0.75));
#3405=CARTESIAN_POINT('Ctrl Pts',(-0.823298322993584,0.655552800875921,
0.75));
#3406=CARTESIAN_POINT('Ctrl Pts',(-0.823298322993584,0.676946641564669,
0.75));
#3407=CARTESIAN_POINT('',(-0.84598876008771,0.734645181604017,0.75));
#3408=CARTESIAN_POINT('Ctrl Pts',(-0.823298322993584,0.676946641564669,
0.75));
#3409=CARTESIAN_POINT('Ctrl Pts',(-0.823298322993584,0.698340482253416,
0.75));
#3410=CARTESIAN_POINT('Ctrl Pts',(-0.834967690641992,0.725569006766367,
0.75));
#3411=CARTESIAN_POINT('Ctrl Pts',(-0.84598876008771,0.734645181604017,0.75));
#3412=CARTESIAN_POINT('',(-0.91146687855933,0.753121680380662,0.75));
#3413=CARTESIAN_POINT('Ctrl Pts',(-0.84598876008771,0.734645181604017,0.75));
#3414=CARTESIAN_POINT('Ctrl Pts',(-0.857333978634773,0.744693803745701,
0.75));
#3415=CARTESIAN_POINT('Ctrl Pts',(-0.891045485174617,0.753121680380662,
0.75));
#3416=CARTESIAN_POINT('Ctrl Pts',(-0.91146687855933,0.753121680380662,0.75));
#3417=CARTESIAN_POINT('',(-0.990559259287426,0.743397207340323,0.75));
#3418=CARTESIAN_POINT('Ctrl Pts',(-0.91146687855933,0.753121680380662,0.75));
#3419=CARTESIAN_POINT('Ctrl Pts',(-0.933509017450767,0.753121680380662,
0.75));
#3420=CARTESIAN_POINT('Ctrl Pts',(-0.977269146132295,0.746314549252425,
0.75));
#3421=CARTESIAN_POINT('Ctrl Pts',(-0.990559259287426,0.743397207340323,
0.75));
#3422=CARTESIAN_POINT('',(-0.990559259287426,0.949556035795523,0.75));
#3423=CARTESIAN_POINT('',(-0.990559259287426,0.771698603670161,0.75));
#3424=CARTESIAN_POINT('',(-0.771110317677095,0.949556035795523,0.75));
#3425=CARTESIAN_POINT('',(-1.09527962964371,0.949556035795523,0.75));
#3426=CARTESIAN_POINT('',(-0.771110317677095,0.902554416100548,0.75));
#3427=CARTESIAN_POINT('',(-0.771110317677095,0.874778017897761,0.75));
#3428=CARTESIAN_POINT('',(-0.939019552173626,0.902554416100548,0.75));
#3429=CARTESIAN_POINT('',(-0.985555158838548,0.902554416100548,0.75));
#3430=CARTESIAN_POINT('',(-0.939019552173626,0.795909361758157,0.75));
#3431=CARTESIAN_POINT('',(-0.939019552173626,0.851277208050274,0.75));
#3432=CARTESIAN_POINT('',(-0.902714852823025,0.798178405467569,0.75));
#3433=CARTESIAN_POINT('Ctrl Pts',(-0.939019552173626,0.795909361758157,
0.75));
#3434=CARTESIAN_POINT('Ctrl Pts',(-0.929295079133286,0.797205958163535,
0.75));
#3435=CARTESIAN_POINT('Ctrl Pts',(-0.910494431255296,0.798178405467569,
0.75));
#3436=CARTESIAN_POINT('Ctrl Pts',(-0.902714852823024,0.798178405467569,
0.75));
#3437=CARTESIAN_POINT('Ctrl Pts',(-0.902714852823024,0.798178405467569,
0.75));
#3438=CARTESIAN_POINT('Ctrl Pts',(-0.871920688195282,0.798178405467569,
0.75));
#3439=CARTESIAN_POINT('Ctrl Pts',(-0.829457155919132,0.788129783325885,
0.75));
#3440=CARTESIAN_POINT('Ctrl Pts',(-0.810008209838453,0.773218924664031,
0.75));
#3441=CARTESIAN_POINT('',(-1.38504871562387,0.590398831505646,0.75));
#3442=CARTESIAN_POINT('',(-1.38504871562387,0.549556044736219,0.75));
#3443=CARTESIAN_POINT('',(-1.38504871562387,0.695199415752823,0.75));
#3444=CARTESIAN_POINT('',(-1.58018647463335,0.549556044736219,0.75));
#3445=CARTESIAN_POINT('',(-1.29252435781194,0.549556044736219,0.75));
#3446=CARTESIAN_POINT('',(-1.58018647463335,0.590398831505646,0.75));
#3447=CARTESIAN_POINT('',(-1.58018647463335,0.67477802236811,0.75));
#3448=CARTESIAN_POINT('',(-1.50757707593215,0.590398831505646,0.75));
#3449=CARTESIAN_POINT('',(-1.39009323731668,0.590398831505646,0.75));
#3450=CARTESIAN_POINT('',(-1.50757707593215,0.858470138317675,0.75));
#3451=CARTESIAN_POINT('',(-1.50757707593215,0.695199415752823,0.75));
#3452=CARTESIAN_POINT('',(-1.58018647463335,0.858470138317675,0.75));
#3453=CARTESIAN_POINT('',(-1.35378853796607,0.858470138317675,0.75));
#3454=CARTESIAN_POINT('',(-1.58018647463335,0.895098986769621,0.75));
#3455=CARTESIAN_POINT('',(-1.58018647463335,0.829235069158837,0.75));
#3456=CARTESIAN_POINT('',(-1.49752845379046,0.950852632200901,0.75));
#3457=CARTESIAN_POINT('Ctrl Pts',(-1.58018647463335,0.895098986769621,0.75));
#3458=CARTESIAN_POINT('Ctrl Pts',(-1.53901953876258,0.895098986769621,0.75));
#3459=CARTESIAN_POINT('Ctrl Pts',(-1.50012164660122,0.918437722066436,0.75));
#3460=CARTESIAN_POINT('Ctrl Pts',(-1.49752845379046,0.950852632200901,0.75));
#3461=CARTESIAN_POINT('',(-1.45603736881835,0.950852632200901,0.75));
#3462=CARTESIAN_POINT('',(-1.34876422689523,0.950852632200901,0.75));
#3463=CARTESIAN_POINT('',(-1.45603736881835,0.590398831505646,0.75));
#3464=CARTESIAN_POINT('',(-1.45603736881835,0.875426316100451,0.75));
#3465=CARTESIAN_POINT('',(-1.32801868440917,0.590398831505646,0.75));
#3466=CARTESIAN_POINT('',(-2.07256895957588,0.85814598921633,0.75));
#3467=CARTESIAN_POINT('',(-1.96333071242273,0.704499315178964,0.75));
#3468=CARTESIAN_POINT('Ctrl Pts',(-2.07256895957588,0.85814598921633,0.75));
#3469=CARTESIAN_POINT('Ctrl Pts',(-2.02167755066477,0.85814598921633,0.75));
#3470=CARTESIAN_POINT('Ctrl Pts',(-1.96333071242273,0.776784564778822,0.75));
#3471=CARTESIAN_POINT('Ctrl Pts',(-1.96333071242273,0.704499315178964,0.75));
#3472=CARTESIAN_POINT('',(-2.08845226554177,0.541128168101258,0.75));
#3473=CARTESIAN_POINT('Ctrl Pts',(-1.96333071242273,0.704499315178964,0.75));
#3474=CARTESIAN_POINT('Ctrl Pts',(-1.96333071242273,0.630917469173727,0.75));
#3475=CARTESIAN_POINT('Ctrl Pts',(-2.03464351471856,0.541128168101258,0.75));
#3476=CARTESIAN_POINT('Ctrl Pts',(-2.08845226554177,0.541128168101258,0.75));
#3477=CARTESIAN_POINT('',(-2.16430315525642,0.563494456094039,0.75));
#3478=CARTESIAN_POINT('Ctrl Pts',(-2.08845226554177,0.541128168101258,0.75));
#3479=CARTESIAN_POINT('Ctrl Pts',(-2.11276344814262,0.541128168101258,0.75));
#3480=CARTESIAN_POINT('Ctrl Pts',(-2.1474474019865,0.553121684851011,0.75));
#3481=CARTESIAN_POINT('Ctrl Pts',(-2.16430315525642,0.563494456094039,0.75));
#3482=CARTESIAN_POINT('',(-2.16754464626987,0.549556044736219,0.75));
#3483=CARTESIAN_POINT('',(-2.11347511538848,0.78205502752616,0.75));
#3484=CARTESIAN_POINT('',(-2.21487041506618,0.549556044736219,0.75));
#3485=CARTESIAN_POINT('',(-1.68377232313493,0.549556044736219,0.75));
#3486=CARTESIAN_POINT('',(-2.21487041506618,0.967384236369478,0.75));
#3487=CARTESIAN_POINT('',(-2.21487041506618,0.67477802236811,0.75));
#3488=CARTESIAN_POINT('',(-2.16430315525642,0.967384236369478,0.75));
#3489=CARTESIAN_POINT('',(-1.70743520753309,0.967384236369478,0.75));
#3490=CARTESIAN_POINT('',(-2.16430315525642,0.818275649750937,0.75));
#3491=CARTESIAN_POINT('',(-2.16430315525642,0.883692118184739,0.75));
#3492=CARTESIAN_POINT('Ctrl Pts',(-2.16430315525642,0.818275649750937,0.75));
#3493=CARTESIAN_POINT('Ctrl Pts',(-2.14517835827708,0.835455552122204,0.75));
#3494=CARTESIAN_POINT('Ctrl Pts',(-2.10076993139287,0.85814598921633,0.75));
#3495=CARTESIAN_POINT('Ctrl Pts',(-2.07256895957588,0.85814598921633,0.75));
#3496=CARTESIAN_POINT('',(-1.67516216132734,0.744369654644357,0.75));
#3497=CARTESIAN_POINT('',(-1.67516216132734,0.549556044736219,0.75));
#3498=CARTESIAN_POINT('',(-1.67516216132734,0.772184827322178,0.75));
#3499=CARTESIAN_POINT('',(-1.7257294211371,0.549556044736219,0.75));
#3500=CARTESIAN_POINT('',(-1.43758108066367,0.549556044736219,0.75));
#3501=CARTESIAN_POINT('',(-1.7257294211371,0.720706770246197,0.75));
#3502=CARTESIAN_POINT('',(-1.7257294211371,0.67477802236811,0.75));
#3503=CARTESIAN_POINT('',(-1.73545389417744,0.78780563422454,0.75));
#3504=CARTESIAN_POINT('Ctrl Pts',(-1.7257294211371,0.720706770246197,0.75));
#3505=CARTESIAN_POINT('Ctrl Pts',(-1.7257294211371,0.741452312732255,0.75));
#3506=CARTESIAN_POINT('Ctrl Pts',(-1.72961921035324,0.777108713880167,0.75));
#3507=CARTESIAN_POINT('Ctrl Pts',(-1.73545389417744,0.78780563422454,0.75));
#3508=CARTESIAN_POINT('',(-1.78245551387242,0.810171922217321,0.75));
#3509=CARTESIAN_POINT('Ctrl Pts',(-1.73545389417744,0.78780563422454,0.75));
#3510=CARTESIAN_POINT('Ctrl Pts',(-1.74161272710299,0.799150852771603,0.75));
#3511=CARTESIAN_POINT('Ctrl Pts',(-1.76365486599443,0.810171922217321,0.75));
#3512=CARTESIAN_POINT('Ctrl Pts',(-1.78245551387242,0.810171922217321,0.75));
#3513=CARTESIAN_POINT('',(-1.86025129819513,0.77386722286672,0.75));
#3514=CARTESIAN_POINT('Ctrl Pts',(-1.78245551387242,0.810171922217321,0.75));
#3515=CARTESIAN_POINT('Ctrl Pts',(-1.80125616175041,0.810171922217321,0.75));
#3516=CARTESIAN_POINT('Ctrl Pts',(-1.8411265012158,0.790074677933953,0.75));
#3517=CARTESIAN_POINT('Ctrl Pts',(-1.86025129819513,0.77386722286672,0.75));
#3518=CARTESIAN_POINT('',(-1.86025129819513,0.549556044736219,0.75));
#3519=CARTESIAN_POINT('',(-1.86025129819513,0.78693361143336,0.75));
#3520=CARTESIAN_POINT('',(-1.9108185580049,0.549556044736219,0.75));
#3521=CARTESIAN_POINT('',(-1.53012564909757,0.549556044736219,0.75));
#3522=CARTESIAN_POINT('',(-1.9108185580049,0.967384236369478,0.75));
#3523=CARTESIAN_POINT('',(-1.9108185580049,0.67477802236811,0.75));
#3524=CARTESIAN_POINT('',(-1.86025129819513,0.967384236369478,0.75));
#3525=CARTESIAN_POINT('',(-1.55540927900245,0.967384236369478,0.75));
#3526=CARTESIAN_POINT('',(-1.86025129819513,0.81633075514287,0.75));
#3527=CARTESIAN_POINT('',(-1.86025129819513,0.883692118184739,0.75));
#3528=CARTESIAN_POINT('',(-1.76916540071728,0.85814598921633,0.75));
#3529=CARTESIAN_POINT('Ctrl Pts',(-1.86025129819513,0.81633075514287,0.75));
#3530=CARTESIAN_POINT('Ctrl Pts',(-1.83756086110101,0.836752148527583,0.75));
#3531=CARTESIAN_POINT('Ctrl Pts',(-1.79380073241948,0.85814598921633,0.75));
#3532=CARTESIAN_POINT('Ctrl Pts',(-1.76916540071729,0.85814598921633,0.75));
#3533=CARTESIAN_POINT('Ctrl Pts',(-1.76916540071729,0.85814598921633,0.75));
#3534=CARTESIAN_POINT('Ctrl Pts',(-1.72508112293441,0.85814598921633,0.75));
#3535=CARTESIAN_POINT('Ctrl Pts',(-1.67516216132734,0.799799150974292,0.75));
#3536=CARTESIAN_POINT('Ctrl Pts',(-1.67516216132734,0.744369654644357,0.75));
#3537=CARTESIAN_POINT('',(-1.06025131607653,0.949556035795523,0.75));
#3538=CARTESIAN_POINT('',(-1.06025131607653,0.889588452046762,0.75));
#3539=CARTESIAN_POINT('',(-1.06025131607653,0.874778017897761,0.75));
#3540=CARTESIAN_POINT('',(-1.23334693619457,0.549556044736219,0.75));
#3541=CARTESIAN_POINT('',(-1.09274170822283,0.825763692942883,0.75));
#3542=CARTESIAN_POINT('',(-1.29039717803123,0.549556044736219,0.75));
#3543=CARTESIAN_POINT('',(-1.21667346809729,0.549556044736219,0.75));
#3544=CARTESIAN_POINT('',(-1.10757708487285,0.902554416100548,0.75));
#3545=CARTESIAN_POINT('',(-1.22970083740137,0.666751638611969,0.75));
#3546=CARTESIAN_POINT('',(-1.31406006242939,0.902554416100548,0.75));
#3547=CARTESIAN_POINT('',(-1.15378854243642,0.902554416100548,0.75));
#3548=CARTESIAN_POINT('',(-1.31406006242939,0.949556035795523,0.75));
#3549=CARTESIAN_POINT('',(-1.31406006242939,0.851277208050274,0.75));
#3550=CARTESIAN_POINT('',(-1.2570300312147,0.949556035795523,0.75));
#3551=CARTESIAN_POINT('',(-0.589910970025433,0.957659763329139,0.75));
#3552=CARTESIAN_POINT('',(-0.462196224095639,0.749556040265871,0.75));
#3553=CARTESIAN_POINT('Ctrl Pts',(-0.589910970025433,0.957659763329139,
0.75));
#3554=CARTESIAN_POINT('Ctrl Pts',(-0.524108702452468,0.957659763329139,
0.75));
#3555=CARTESIAN_POINT('Ctrl Pts',(-0.462196224095639,0.85393205089885,0.75));
#3556=CARTESIAN_POINT('Ctrl Pts',(-0.462196224095639,0.749556040265871,
0.75));
#3557=CARTESIAN_POINT('',(-0.589910970025433,0.541128168101258,0.75));
#3558=CARTESIAN_POINT('Ctrl Pts',(-0.462196224095639,0.749556040265871,
0.75));
#3559=CARTESIAN_POINT('Ctrl Pts',(-0.462196224095639,0.641938538619446,
0.75));
#3560=CARTESIAN_POINT('Ctrl Pts',(-0.524757000655158,0.541128168101258,
0.75));
#3561=CARTESIAN_POINT('Ctrl Pts',(-0.589910970025433,0.541128168101258,
0.75));
#3562=CARTESIAN_POINT('',(-0.717949865056572,0.749231891164527,0.75));
#3563=CARTESIAN_POINT('Ctrl Pts',(-0.589910970025433,0.541128168101258,
0.75));
#3564=CARTESIAN_POINT('Ctrl Pts',(-0.656037386699743,0.541128168101258,
0.75));
#3565=CARTESIAN_POINT('Ctrl Pts',(-0.717949865056572,0.643883433227514,
0.75));
#3566=CARTESIAN_POINT('Ctrl Pts',(-0.717949865056572,0.749231891164527,
0.75));
#3567=CARTESIAN_POINT('Ctrl Pts',(-0.717949865056572,0.749231891164527,
0.75));
#3568=CARTESIAN_POINT('Ctrl Pts',(-0.717949865056572,0.857497691013641,
0.75));
#3569=CARTESIAN_POINT('Ctrl Pts',(-0.655389088497053,0.957659763329139,
0.75));
#3570=CARTESIAN_POINT('Ctrl Pts',(-0.589910970025433,0.957659763329139,
0.75));
#3571=CARTESIAN_POINT('Ctrl Pts',(-0.531239982682051,0.871760251472806,
0.75));
#3572=CARTESIAN_POINT('Ctrl Pts',(-0.531239982682051,0.871760251472806,
0.605));
#3573=CARTESIAN_POINT('Ctrl Pts',(-0.523136255148434,0.851338858088093,
0.75));
#3574=CARTESIAN_POINT('Ctrl Pts',(-0.523136255148434,0.851338858088093,
0.605));
#3575=CARTESIAN_POINT('Ctrl Pts',(-0.516653273121541,0.790722976136642,
0.75));
#3576=CARTESIAN_POINT('Ctrl Pts',(-0.516653273121541,0.790722976136642,
0.605));
#3577=CARTESIAN_POINT('Ctrl Pts',(-0.516653273121541,0.749556040265871,
0.75));
#3578=CARTESIAN_POINT('Ctrl Pts',(-0.516653273121541,0.749556040265871,
0.605));
#3579=CARTESIAN_POINT('',(-0.516653273121541,0.749556040265871,0.75));
#3580=CARTESIAN_POINT('',(-0.531239982682051,0.871760251472806,0.75));
#3581=CARTESIAN_POINT('Ctrl Pts',(-0.516653273121541,0.749556040265871,
0.75));
#3582=CARTESIAN_POINT('Ctrl Pts',(-0.516653273121541,0.790722976136642,
0.75));
#3583=CARTESIAN_POINT('Ctrl Pts',(-0.523136255148434,0.851338858088093,
0.75));
#3584=CARTESIAN_POINT('Ctrl Pts',(-0.531239982682051,0.871760251472806,
0.75));
#3585=CARTESIAN_POINT('',(-0.516653273121541,0.749556040265871,0.605));
#3586=CARTESIAN_POINT('',(-0.516653273121541,0.749556040265871,0.75));
#3587=CARTESIAN_POINT('',(-0.531239982682051,0.871760251472806,0.605));
#3588=CARTESIAN_POINT('Ctrl Pts',(-0.516653273121541,0.749556040265871,
0.605));
#3589=CARTESIAN_POINT('Ctrl Pts',(-0.516653273121541,0.790722976136642,
0.605));
#3590=CARTESIAN_POINT('Ctrl Pts',(-0.523136255148434,0.851338858088093,
0.605));
#3591=CARTESIAN_POINT('Ctrl Pts',(-0.531239982682051,0.871760251472806,
0.605));
#3592=CARTESIAN_POINT('',(-0.531239982682051,0.871760251472806,0.75));
#3593=CARTESIAN_POINT('Ctrl Pts',(-0.589910970025433,0.913251336444922,
0.75));
#3594=CARTESIAN_POINT('Ctrl Pts',(-0.589910970025433,0.913251336444922,
0.605));
#3595=CARTESIAN_POINT('Ctrl Pts',(-0.567544682032652,0.913251336444922,
0.75));
#3596=CARTESIAN_POINT('Ctrl Pts',(-0.567544682032652,0.913251336444922,
0.605));
#3597=CARTESIAN_POINT('Ctrl Pts',(-0.539343710215667,0.892181644857519,
0.75));
#3598=CARTESIAN_POINT('Ctrl Pts',(-0.539343710215667,0.892181644857519,
0.605));
#3599=CARTESIAN_POINT('Ctrl Pts',(-0.531239982682051,0.871760251472806,
0.75));
#3600=CARTESIAN_POINT('Ctrl Pts',(-0.531239982682051,0.871760251472806,
0.605));
#3601=CARTESIAN_POINT('',(-0.589910970025433,0.913251336444922,0.75));
#3602=CARTESIAN_POINT('Ctrl Pts',(-0.531239982682051,0.871760251472806,
0.75));
#3603=CARTESIAN_POINT('Ctrl Pts',(-0.539343710215667,0.892181644857519,
0.75));
#3604=CARTESIAN_POINT('Ctrl Pts',(-0.567544682032652,0.913251336444922,
0.75));
#3605=CARTESIAN_POINT('Ctrl Pts',(-0.589910970025433,0.913251336444922,
0.75));
#3606=CARTESIAN_POINT('',(-0.589910970025433,0.913251336444922,0.605));
#3607=CARTESIAN_POINT('Ctrl Pts',(-0.531239982682051,0.871760251472806,
0.605));
#3608=CARTESIAN_POINT('Ctrl Pts',(-0.539343710215667,0.892181644857519,
0.605));
#3609=CARTESIAN_POINT('Ctrl Pts',(-0.567544682032652,0.913251336444922,
0.605));
#3610=CARTESIAN_POINT('Ctrl Pts',(-0.589910970025433,0.913251336444922,
0.605));
#3611=CARTESIAN_POINT('',(-0.589910970025433,0.913251336444922,0.75));
#3612=CARTESIAN_POINT('Ctrl Pts',(-0.64955440467285,0.871111953270116,0.75));
#3613=CARTESIAN_POINT('Ctrl Pts',(-0.64955440467285,0.871111953270116,0.605));
#3614=CARTESIAN_POINT('Ctrl Pts',(-0.641126528037889,0.892181644857519,
0.75));
#3615=CARTESIAN_POINT('Ctrl Pts',(-0.641126528037889,0.892181644857519,
0.605));
#3616=CARTESIAN_POINT('Ctrl Pts',(-0.612277258018214,0.913251336444922,
0.75));
#3617=CARTESIAN_POINT('Ctrl Pts',(-0.612277258018214,0.913251336444922,
0.605));
#3618=CARTESIAN_POINT('Ctrl Pts',(-0.589910970025433,0.913251336444922,
0.75));
#3619=CARTESIAN_POINT('Ctrl Pts',(-0.589910970025433,0.913251336444922,
0.605));
#3620=CARTESIAN_POINT('',(-0.64955440467285,0.871111953270116,0.75));
#3621=CARTESIAN_POINT('Ctrl Pts',(-0.589910970025433,0.913251336444922,
0.75));
#3622=CARTESIAN_POINT('Ctrl Pts',(-0.612277258018214,0.913251336444922,
0.75));
#3623=CARTESIAN_POINT('Ctrl Pts',(-0.641126528037889,0.892181644857519,
0.75));
#3624=CARTESIAN_POINT('Ctrl Pts',(-0.64955440467285,0.871111953270116,0.75));
#3625=CARTESIAN_POINT('',(-0.64955440467285,0.871111953270116,0.605));
#3626=CARTESIAN_POINT('Ctrl Pts',(-0.589910970025433,0.913251336444922,
0.605));
#3627=CARTESIAN_POINT('Ctrl Pts',(-0.612277258018214,0.913251336444922,
0.605));
#3628=CARTESIAN_POINT('Ctrl Pts',(-0.641126528037889,0.892181644857519,
0.605));
#3629=CARTESIAN_POINT('Ctrl Pts',(-0.64955440467285,0.871111953270116,0.605));
#3630=CARTESIAN_POINT('',(-0.64955440467285,0.871111953270116,0.75));
#3631=CARTESIAN_POINT('Ctrl Pts',(-0.66349281603067,0.749231891164527,0.75));
#3632=CARTESIAN_POINT('Ctrl Pts',(-0.66349281603067,0.749231891164527,0.605));
#3633=CARTESIAN_POINT('Ctrl Pts',(-0.66349281603067,0.78845393242723,0.75));
#3634=CARTESIAN_POINT('Ctrl Pts',(-0.66349281603067,0.78845393242723,0.605));
#3635=CARTESIAN_POINT('Ctrl Pts',(-0.657658132206466,0.850690559885403,
0.75));
#3636=CARTESIAN_POINT('Ctrl Pts',(-0.657658132206466,0.850690559885403,
0.605));
#3637=CARTESIAN_POINT('Ctrl Pts',(-0.64955440467285,0.871111953270116,0.75));
#3638=CARTESIAN_POINT('Ctrl Pts',(-0.64955440467285,0.871111953270116,0.605));
#3639=CARTESIAN_POINT('',(-0.66349281603067,0.749231891164527,0.75));
#3640=CARTESIAN_POINT('Ctrl Pts',(-0.64955440467285,0.871111953270116,0.75));
#3641=CARTESIAN_POINT('Ctrl Pts',(-0.657658132206466,0.850690559885403,
0.75));
#3642=CARTESIAN_POINT('Ctrl Pts',(-0.66349281603067,0.78845393242723,0.75));
#3643=CARTESIAN_POINT('Ctrl Pts',(-0.66349281603067,0.749231891164527,0.75));
#3644=CARTESIAN_POINT('',(-0.66349281603067,0.749231891164527,0.605));
#3645=CARTESIAN_POINT('Ctrl Pts',(-0.64955440467285,0.871111953270116,0.605));
#3646=CARTESIAN_POINT('Ctrl Pts',(-0.657658132206466,0.850690559885403,
0.605));
#3647=CARTESIAN_POINT('Ctrl Pts',(-0.66349281603067,0.78845393242723,0.605));
#3648=CARTESIAN_POINT('Ctrl Pts',(-0.66349281603067,0.749231891164527,0.605));
#3649=CARTESIAN_POINT('',(-0.66349281603067,0.749231891164527,0.75));
#3650=CARTESIAN_POINT('Ctrl Pts',(-0.649878553774194,0.628648425464315,
0.75));
#3651=CARTESIAN_POINT('Ctrl Pts',(-0.649878553774194,0.628648425464315,
0.605));
#3652=CARTESIAN_POINT('Ctrl Pts',(-0.658306430409155,0.650690564355751,
0.75));
#3653=CARTESIAN_POINT('Ctrl Pts',(-0.658306430409155,0.650690564355751,
0.605));
#3654=CARTESIAN_POINT('Ctrl Pts',(-0.66349281603067,0.707092507989721,0.75));
#3655=CARTESIAN_POINT('Ctrl Pts',(-0.66349281603067,0.707092507989721,0.605));
#3656=CARTESIAN_POINT('Ctrl Pts',(-0.66349281603067,0.749231891164527,0.75));
#3657=CARTESIAN_POINT('Ctrl Pts',(-0.66349281603067,0.749231891164527,0.605));
#3658=CARTESIAN_POINT('',(-0.649878553774194,0.628648425464315,0.75));
#3659=CARTESIAN_POINT('Ctrl Pts',(-0.66349281603067,0.749231891164527,0.75));
#3660=CARTESIAN_POINT('Ctrl Pts',(-0.66349281603067,0.707092507989721,0.75));
#3661=CARTESIAN_POINT('Ctrl Pts',(-0.658306430409155,0.650690564355751,
0.75));
#3662=CARTESIAN_POINT('Ctrl Pts',(-0.649878553774194,0.628648425464315,
0.75));
#3663=CARTESIAN_POINT('',(-0.649878553774194,0.628648425464315,0.605));
#3664=CARTESIAN_POINT('Ctrl Pts',(-0.66349281603067,0.749231891164527,0.605));
#3665=CARTESIAN_POINT('Ctrl Pts',(-0.66349281603067,0.707092507989721,0.605));
#3666=CARTESIAN_POINT('Ctrl Pts',(-0.658306430409155,0.650690564355751,
0.605));
#3667=CARTESIAN_POINT('Ctrl Pts',(-0.649878553774194,0.628648425464315,
0.605));
#3668=CARTESIAN_POINT('',(-0.649878553774194,0.628648425464315,0.75));
#3669=CARTESIAN_POINT('Ctrl Pts',(-0.589910970025433,0.585536594985476,
0.75));
#3670=CARTESIAN_POINT('Ctrl Pts',(-0.589910970025433,0.585536594985476,
0.605));
#3671=CARTESIAN_POINT('Ctrl Pts',(-0.613249705322248,0.585536594985476,
0.75));
#3672=CARTESIAN_POINT('Ctrl Pts',(-0.613249705322248,0.585536594985476,
0.605));
#3673=CARTESIAN_POINT('Ctrl Pts',(-0.642098975341922,0.607902882978257,
0.75));
#3674=CARTESIAN_POINT('Ctrl Pts',(-0.642098975341922,0.607902882978257,
0.605));
#3675=CARTESIAN_POINT('Ctrl Pts',(-0.649878553774194,0.628648425464315,
0.75));
#3676=CARTESIAN_POINT('Ctrl Pts',(-0.649878553774194,0.628648425464315,
0.605));
#3677=CARTESIAN_POINT('',(-0.589910970025433,0.585536594985476,0.75));
#3678=CARTESIAN_POINT('Ctrl Pts',(-0.649878553774194,0.628648425464315,
0.75));
#3679=CARTESIAN_POINT('Ctrl Pts',(-0.642098975341922,0.607902882978257,
0.75));
#3680=CARTESIAN_POINT('Ctrl Pts',(-0.613249705322248,0.585536594985476,
0.75));
#3681=CARTESIAN_POINT('Ctrl Pts',(-0.589910970025433,0.585536594985476,
0.75));
#3682=CARTESIAN_POINT('',(-0.589910970025433,0.585536594985476,0.605));
#3683=CARTESIAN_POINT('Ctrl Pts',(-0.649878553774194,0.628648425464315,
0.605));
#3684=CARTESIAN_POINT('Ctrl Pts',(-0.642098975341922,0.607902882978257,
0.605));
#3685=CARTESIAN_POINT('Ctrl Pts',(-0.613249705322248,0.585536594985476,
0.605));
#3686=CARTESIAN_POINT('Ctrl Pts',(-0.589910970025433,0.585536594985476,
0.605));
#3687=CARTESIAN_POINT('',(-0.589910970025433,0.585536594985476,0.75));
#3688=CARTESIAN_POINT('Ctrl Pts',(-0.530915833580706,0.627675978160281,
0.75));
#3689=CARTESIAN_POINT('Ctrl Pts',(-0.530915833580706,0.627675978160281,
0.605));
#3690=CARTESIAN_POINT('Ctrl Pts',(-0.539019561114322,0.606606286572879,
0.75));
#3691=CARTESIAN_POINT('Ctrl Pts',(-0.539019561114322,0.606606286572879,
0.605));
#3692=CARTESIAN_POINT('Ctrl Pts',(-0.567868831133997,0.585536594985476,
0.75));
#3693=CARTESIAN_POINT('Ctrl Pts',(-0.567868831133997,0.585536594985476,
0.605));
#3694=CARTESIAN_POINT('Ctrl Pts',(-0.589910970025433,0.585536594985476,
0.75));
#3695=CARTESIAN_POINT('Ctrl Pts',(-0.589910970025433,0.585536594985476,
0.605));
#3696=CARTESIAN_POINT('',(-0.530915833580706,0.627675978160281,0.75));
#3697=CARTESIAN_POINT('Ctrl Pts',(-0.589910970025433,0.585536594985476,
0.75));
#3698=CARTESIAN_POINT('Ctrl Pts',(-0.567868831133997,0.585536594985476,
0.75));
#3699=CARTESIAN_POINT('Ctrl Pts',(-0.539019561114322,0.606606286572879,
0.75));
#3700=CARTESIAN_POINT('Ctrl Pts',(-0.530915833580706,0.627675978160281,
0.75));
#3701=CARTESIAN_POINT('',(-0.530915833580706,0.627675978160281,0.605));
#3702=CARTESIAN_POINT('Ctrl Pts',(-0.589910970025433,0.585536594985476,
0.605));
#3703=CARTESIAN_POINT('Ctrl Pts',(-0.567868831133997,0.585536594985476,
0.605));
#3704=CARTESIAN_POINT('Ctrl Pts',(-0.539019561114322,0.606606286572879,
0.605));
#3705=CARTESIAN_POINT('Ctrl Pts',(-0.530915833580706,0.627675978160281,
0.605));
#3706=CARTESIAN_POINT('',(-0.530915833580706,0.627675978160281,0.75));
#3707=CARTESIAN_POINT('Ctrl Pts',(-0.516653273121541,0.749556040265871,
0.75));
#3708=CARTESIAN_POINT('Ctrl Pts',(-0.516653273121541,0.749556040265871,
0.605));
#3709=CARTESIAN_POINT('Ctrl Pts',(-0.516653273121541,0.7083891043951,0.75));
#3710=CARTESIAN_POINT('Ctrl Pts',(-0.516653273121541,0.7083891043951,0.605));
#3711=CARTESIAN_POINT('Ctrl Pts',(-0.523136255148434,0.647449073342305,
0.75));
#3712=CARTESIAN_POINT('Ctrl Pts',(-0.523136255148434,0.647449073342305,
0.605));
#3713=CARTESIAN_POINT('Ctrl Pts',(-0.530915833580706,0.627675978160281,
0.75));
#3714=CARTESIAN_POINT('Ctrl Pts',(-0.530915833580706,0.627675978160281,
0.605));
#3715=CARTESIAN_POINT('Ctrl Pts',(-0.530915833580706,0.627675978160281,
0.75));
#3716=CARTESIAN_POINT('Ctrl Pts',(-0.523136255148434,0.647449073342305,
0.75));
#3717=CARTESIAN_POINT('Ctrl Pts',(-0.516653273121541,0.7083891043951,0.75));
#3718=CARTESIAN_POINT('Ctrl Pts',(-0.516653273121541,0.749556040265871,
0.75));
#3719=CARTESIAN_POINT('Ctrl Pts',(-0.530915833580706,0.627675978160281,
0.605));
#3720=CARTESIAN_POINT('Ctrl Pts',(-0.523136255148434,0.647449073342305,
0.605));
#3721=CARTESIAN_POINT('Ctrl Pts',(-0.516653273121541,0.7083891043951,0.605));
#3722=CARTESIAN_POINT('Ctrl Pts',(-0.516653273121541,0.749556040265871,
0.605));
#3723=CARTESIAN_POINT('Ctrl Pts',(-0.589910970025433,0.957659763329139,
0.75));
#3724=CARTESIAN_POINT('Ctrl Pts',(-0.589910970025433,0.957659763329139,
0.605));
#3725=CARTESIAN_POINT('Ctrl Pts',(-0.524108702452468,0.957659763329139,
0.75));
#3726=CARTESIAN_POINT('Ctrl Pts',(-0.524108702452468,0.957659763329139,
0.605));
#3727=CARTESIAN_POINT('Ctrl Pts',(-0.462196224095639,0.85393205089885,0.75));
#3728=CARTESIAN_POINT('Ctrl Pts',(-0.462196224095639,0.85393205089885,0.605));
#3729=CARTESIAN_POINT('Ctrl Pts',(-0.462196224095639,0.749556040265871,
0.75));
#3730=CARTESIAN_POINT('Ctrl Pts',(-0.462196224095639,0.749556040265871,
0.605));
#3731=CARTESIAN_POINT('',(-0.589910970025433,0.957659763329139,0.605));
#3732=CARTESIAN_POINT('',(-0.589910970025433,0.957659763329139,0.75));
#3733=CARTESIAN_POINT('',(-0.462196224095639,0.749556040265871,0.605));
#3734=CARTESIAN_POINT('Ctrl Pts',(-0.589910970025433,0.957659763329139,
0.605));
#3735=CARTESIAN_POINT('Ctrl Pts',(-0.524108702452468,0.957659763329139,
0.605));
#3736=CARTESIAN_POINT('Ctrl Pts',(-0.462196224095639,0.85393205089885,0.605));
#3737=CARTESIAN_POINT('Ctrl Pts',(-0.462196224095639,0.749556040265871,
0.605));
#3738=CARTESIAN_POINT('',(-0.462196224095639,0.749556040265871,0.75));
#3739=CARTESIAN_POINT('Ctrl Pts',(-0.717949865056572,0.749231891164527,
0.75));
#3740=CARTESIAN_POINT('Ctrl Pts',(-0.717949865056572,0.749231891164527,
0.605));
#3741=CARTESIAN_POINT('Ctrl Pts',(-0.717949865056572,0.857497691013641,
0.75));
#3742=CARTESIAN_POINT('Ctrl Pts',(-0.717949865056572,0.857497691013641,
0.605));
#3743=CARTESIAN_POINT('Ctrl Pts',(-0.655389088497053,0.957659763329139,
0.75));
#3744=CARTESIAN_POINT('Ctrl Pts',(-0.655389088497053,0.957659763329139,
0.605));
#3745=CARTESIAN_POINT('Ctrl Pts',(-0.589910970025433,0.957659763329139,
0.75));
#3746=CARTESIAN_POINT('Ctrl Pts',(-0.589910970025433,0.957659763329139,
0.605));
#3747=CARTESIAN_POINT('',(-0.717949865056572,0.749231891164527,0.605));
#3748=CARTESIAN_POINT('',(-0.717949865056572,0.749231891164527,0.75));
#3749=CARTESIAN_POINT('Ctrl Pts',(-0.717949865056572,0.749231891164527,
0.605));
#3750=CARTESIAN_POINT('Ctrl Pts',(-0.717949865056572,0.857497691013641,
0.605));
#3751=CARTESIAN_POINT('Ctrl Pts',(-0.655389088497053,0.957659763329139,
0.605));
#3752=CARTESIAN_POINT('Ctrl Pts',(-0.589910970025433,0.957659763329139,
0.605));
#3753=CARTESIAN_POINT('Ctrl Pts',(-0.589910970025433,0.541128168101258,
0.75));
#3754=CARTESIAN_POINT('Ctrl Pts',(-0.589910970025433,0.541128168101258,
0.605));
#3755=CARTESIAN_POINT('Ctrl Pts',(-0.656037386699743,0.541128168101258,
0.75));
#3756=CARTESIAN_POINT('Ctrl Pts',(-0.656037386699743,0.541128168101258,
0.605));
#3757=CARTESIAN_POINT('Ctrl Pts',(-0.717949865056572,0.643883433227514,
0.75));
#3758=CARTESIAN_POINT('Ctrl Pts',(-0.717949865056572,0.643883433227514,
0.605));
#3759=CARTESIAN_POINT('Ctrl Pts',(-0.717949865056572,0.749231891164527,
0.75));
#3760=CARTESIAN_POINT('Ctrl Pts',(-0.717949865056572,0.749231891164527,
0.605));
#3761=CARTESIAN_POINT('',(-0.589910970025433,0.541128168101258,0.605));
#3762=CARTESIAN_POINT('',(-0.589910970025433,0.541128168101258,0.75));
#3763=CARTESIAN_POINT('Ctrl Pts',(-0.589910970025433,0.541128168101258,
0.605));
#3764=CARTESIAN_POINT('Ctrl Pts',(-0.656037386699743,0.541128168101258,
0.605));
#3765=CARTESIAN_POINT('Ctrl Pts',(-0.717949865056572,0.643883433227514,
0.605));
#3766=CARTESIAN_POINT('Ctrl Pts',(-0.717949865056572,0.749231891164527,
0.605));
#3767=CARTESIAN_POINT('Ctrl Pts',(-0.462196224095639,0.749556040265871,
0.75));
#3768=CARTESIAN_POINT('Ctrl Pts',(-0.462196224095639,0.749556040265871,
0.605));
#3769=CARTESIAN_POINT('Ctrl Pts',(-0.462196224095639,0.641938538619446,
0.75));
#3770=CARTESIAN_POINT('Ctrl Pts',(-0.462196224095639,0.641938538619446,
0.605));
#3771=CARTESIAN_POINT('Ctrl Pts',(-0.524757000655158,0.541128168101258,
0.75));
#3772=CARTESIAN_POINT('Ctrl Pts',(-0.524757000655158,0.541128168101258,
0.605));
#3773=CARTESIAN_POINT('Ctrl Pts',(-0.589910970025433,0.541128168101258,
0.75));
#3774=CARTESIAN_POINT('Ctrl Pts',(-0.589910970025433,0.541128168101258,
0.605));
#3775=CARTESIAN_POINT('Ctrl Pts',(-0.462196224095639,0.749556040265871,
0.605));
#3776=CARTESIAN_POINT('Ctrl Pts',(-0.462196224095639,0.641938538619446,
0.605));
#3777=CARTESIAN_POINT('Ctrl Pts',(-0.524757000655158,0.541128168101258,
0.605));
#3778=CARTESIAN_POINT('Ctrl Pts',(-0.589910970025433,0.541128168101258,
0.605));
#3779=CARTESIAN_POINT('Origin',(-0.590134066809295,0.749380733541753,0.605));
#3780=CARTESIAN_POINT('Origin',(-1.06025131607653,0.949556035795523,0.75));
#3781=CARTESIAN_POINT('',(-1.06025131607653,0.949556035795523,0.605));
#3782=CARTESIAN_POINT('',(-1.06025131607653,0.949556035795523,0.75));
#3783=CARTESIAN_POINT('',(-1.06025131607653,0.889588452046762,0.605));
#3784=CARTESIAN_POINT('',(-1.06025131607653,0.949556035795523,0.605));
#3785=CARTESIAN_POINT('',(-1.06025131607653,0.889588452046762,0.75));
#3786=CARTESIAN_POINT('Origin',(-1.31406006242939,0.949556035795523,0.75));
#3787=CARTESIAN_POINT('',(-1.31406006242939,0.949556035795523,0.605));
#3788=CARTESIAN_POINT('',(-1.31406006242939,0.949556035795523,0.75));
#3789=CARTESIAN_POINT('',(-1.31406006242939,0.949556035795523,0.605));
#3790=CARTESIAN_POINT('Origin',(-1.31406006242939,0.902554416100548,0.75));
#3791=CARTESIAN_POINT('',(-1.31406006242939,0.902554416100548,0.605));
#3792=CARTESIAN_POINT('',(-1.31406006242939,0.902554416100548,0.75));
#3793=CARTESIAN_POINT('',(-1.31406006242939,0.902554416100548,0.605));
#3794=CARTESIAN_POINT('Origin',(-1.10757708487285,0.902554416100548,0.75));
#3795=CARTESIAN_POINT('',(-1.10757708487285,0.902554416100548,0.605));
#3796=CARTESIAN_POINT('',(-1.10757708487285,0.902554416100548,0.75));
#3797=CARTESIAN_POINT('',(-1.10757708487285,0.902554416100548,0.605));
#3798=CARTESIAN_POINT('Origin',(-1.29039717803123,0.549556044736219,0.75));
#3799=CARTESIAN_POINT('',(-1.29039717803123,0.549556044736219,0.605));
#3800=CARTESIAN_POINT('',(-1.29039717803123,0.549556044736219,0.75));
#3801=CARTESIAN_POINT('',(-1.29039717803123,0.549556044736219,0.605));
#3802=CARTESIAN_POINT('Origin',(-1.23334693619457,0.549556044736219,0.75));
#3803=CARTESIAN_POINT('',(-1.23334693619457,0.549556044736219,0.605));
#3804=CARTESIAN_POINT('',(-1.23334693619457,0.549556044736219,0.75));
#3805=CARTESIAN_POINT('',(-1.23334693619457,0.549556044736219,0.605));
#3806=CARTESIAN_POINT('Origin',(-1.06025131607653,0.889588452046762,0.75));
#3807=CARTESIAN_POINT('',(-1.06025131607653,0.889588452046762,0.605));
#3808=CARTESIAN_POINT('Origin',(-1.18488139048995,0.798474265432608,0.605));
#3809=CARTESIAN_POINT('Origin',(-1.67516216132734,0.744369654644357,0.75));
#3810=CARTESIAN_POINT('',(-1.67516216132734,0.744369654644357,0.605));
#3811=CARTESIAN_POINT('',(-1.67516216132734,0.744369654644357,0.75));
#3812=CARTESIAN_POINT('',(-1.67516216132734,0.549556044736219,0.605));
#3813=CARTESIAN_POINT('',(-1.67516216132734,0.744369654644357,0.605));
#3814=CARTESIAN_POINT('',(-1.67516216132734,0.549556044736219,0.75));
#3815=CARTESIAN_POINT('Ctrl Pts',(-1.76916540071729,0.85814598921633,0.75));
#3816=CARTESIAN_POINT('Ctrl Pts',(-1.76916540071729,0.85814598921633,0.605));
#3817=CARTESIAN_POINT('Ctrl Pts',(-1.72508112293441,0.85814598921633,0.75));
#3818=CARTESIAN_POINT('Ctrl Pts',(-1.72508112293441,0.85814598921633,0.605));
#3819=CARTESIAN_POINT('Ctrl Pts',(-1.67516216132734,0.799799150974292,0.75));
#3820=CARTESIAN_POINT('Ctrl Pts',(-1.67516216132734,0.799799150974292,0.605));
#3821=CARTESIAN_POINT('Ctrl Pts',(-1.67516216132734,0.744369654644357,0.75));
#3822=CARTESIAN_POINT('Ctrl Pts',(-1.67516216132734,0.744369654644357,0.605));
#3823=CARTESIAN_POINT('',(-1.76916540071728,0.85814598921633,0.605));
#3824=CARTESIAN_POINT('',(-1.76916540071728,0.85814598921633,0.75));
#3825=CARTESIAN_POINT('Ctrl Pts',(-1.76916540071729,0.85814598921633,0.605));
#3826=CARTESIAN_POINT('Ctrl Pts',(-1.72508112293441,0.85814598921633,0.605));
#3827=CARTESIAN_POINT('Ctrl Pts',(-1.67516216132734,0.799799150974292,0.605));
#3828=CARTESIAN_POINT('Ctrl Pts',(-1.67516216132734,0.744369654644357,0.605));
#3829=CARTESIAN_POINT('Ctrl Pts',(-1.86025129819513,0.81633075514287,0.75));
#3830=CARTESIAN_POINT('Ctrl Pts',(-1.86025129819513,0.81633075514287,0.605));
#3831=CARTESIAN_POINT('Ctrl Pts',(-1.83756086110101,0.836752148527583,0.75));
#3832=CARTESIAN_POINT('Ctrl Pts',(-1.83756086110101,0.836752148527583,0.605));
#3833=CARTESIAN_POINT('Ctrl Pts',(-1.79380073241948,0.85814598921633,0.75));
#3834=CARTESIAN_POINT('Ctrl Pts',(-1.79380073241948,0.85814598921633,0.605));
#3835=CARTESIAN_POINT('Ctrl Pts',(-1.76916540071729,0.85814598921633,0.75));
#3836=CARTESIAN_POINT('Ctrl Pts',(-1.76916540071729,0.85814598921633,0.605));
#3837=CARTESIAN_POINT('',(-1.86025129819513,0.81633075514287,0.605));
#3838=CARTESIAN_POINT('',(-1.86025129819513,0.81633075514287,0.75));
#3839=CARTESIAN_POINT('Ctrl Pts',(-1.86025129819513,0.81633075514287,0.605));
#3840=CARTESIAN_POINT('Ctrl Pts',(-1.83756086110101,0.836752148527583,0.605));
#3841=CARTESIAN_POINT('Ctrl Pts',(-1.79380073241948,0.85814598921633,0.605));
#3842=CARTESIAN_POINT('Ctrl Pts',(-1.76916540071729,0.85814598921633,0.605));
#3843=CARTESIAN_POINT('Origin',(-1.86025129819513,0.967384236369478,0.75));
#3844=CARTESIAN_POINT('',(-1.86025129819513,0.967384236369478,0.605));
#3845=CARTESIAN_POINT('',(-1.86025129819513,0.967384236369478,0.75));
#3846=CARTESIAN_POINT('',(-1.86025129819513,0.967384236369478,0.605));
#3847=CARTESIAN_POINT('Origin',(-1.9108185580049,0.967384236369478,0.75));
#3848=CARTESIAN_POINT('',(-1.9108185580049,0.967384236369478,0.605));
#3849=CARTESIAN_POINT('',(-1.9108185580049,0.967384236369478,0.75));
#3850=CARTESIAN_POINT('',(-1.9108185580049,0.967384236369478,0.605));
#3851=CARTESIAN_POINT('Origin',(-1.9108185580049,0.549556044736219,0.75));
#3852=CARTESIAN_POINT('',(-1.9108185580049,0.549556044736219,0.605));
#3853=CARTESIAN_POINT('',(-1.9108185580049,0.549556044736219,0.75));
#3854=CARTESIAN_POINT('',(-1.9108185580049,0.549556044736219,0.605));
#3855=CARTESIAN_POINT('Origin',(-1.86025129819513,0.549556044736219,0.75));
#3856=CARTESIAN_POINT('',(-1.86025129819513,0.549556044736219,0.605));
#3857=CARTESIAN_POINT('',(-1.86025129819513,0.549556044736219,0.75));
#3858=CARTESIAN_POINT('',(-1.86025129819513,0.549556044736219,0.605));
#3859=CARTESIAN_POINT('Origin',(-1.86025129819513,0.77386722286672,0.75));
#3860=CARTESIAN_POINT('',(-1.86025129819513,0.77386722286672,0.605));
#3861=CARTESIAN_POINT('',(-1.86025129819513,0.77386722286672,0.75));
#3862=CARTESIAN_POINT('',(-1.86025129819513,0.77386722286672,0.605));
#3863=CARTESIAN_POINT('Ctrl Pts',(-1.78245551387242,0.810171922217321,0.75));
#3864=CARTESIAN_POINT('Ctrl Pts',(-1.78245551387242,0.810171922217321,0.605));
#3865=CARTESIAN_POINT('Ctrl Pts',(-1.80125616175041,0.810171922217321,0.75));
#3866=CARTESIAN_POINT('Ctrl Pts',(-1.80125616175041,0.810171922217321,0.605));
#3867=CARTESIAN_POINT('Ctrl Pts',(-1.8411265012158,0.790074677933953,0.75));
#3868=CARTESIAN_POINT('Ctrl Pts',(-1.8411265012158,0.790074677933953,0.605));
#3869=CARTESIAN_POINT('Ctrl Pts',(-1.86025129819513,0.77386722286672,0.75));
#3870=CARTESIAN_POINT('Ctrl Pts',(-1.86025129819513,0.77386722286672,0.605));
#3871=CARTESIAN_POINT('',(-1.78245551387242,0.810171922217321,0.605));
#3872=CARTESIAN_POINT('',(-1.78245551387242,0.810171922217321,0.75));
#3873=CARTESIAN_POINT('Ctrl Pts',(-1.78245551387242,0.810171922217321,0.605));
#3874=CARTESIAN_POINT('Ctrl Pts',(-1.80125616175041,0.810171922217321,0.605));
#3875=CARTESIAN_POINT('Ctrl Pts',(-1.8411265012158,0.790074677933953,0.605));
#3876=CARTESIAN_POINT('Ctrl Pts',(-1.86025129819513,0.77386722286672,0.605));
#3877=CARTESIAN_POINT('Ctrl Pts',(-1.73545389417744,0.78780563422454,0.75));
#3878=CARTESIAN_POINT('Ctrl Pts',(-1.73545389417744,0.78780563422454,0.605));
#3879=CARTESIAN_POINT('Ctrl Pts',(-1.74161272710299,0.799150852771603,0.75));
#3880=CARTESIAN_POINT('Ctrl Pts',(-1.74161272710299,0.799150852771603,0.605));
#3881=CARTESIAN_POINT('Ctrl Pts',(-1.76365486599443,0.810171922217321,0.75));
#3882=CARTESIAN_POINT('Ctrl Pts',(-1.76365486599443,0.810171922217321,0.605));
#3883=CARTESIAN_POINT('Ctrl Pts',(-1.78245551387242,0.810171922217321,0.75));
#3884=CARTESIAN_POINT('Ctrl Pts',(-1.78245551387242,0.810171922217321,0.605));
#3885=CARTESIAN_POINT('',(-1.73545389417744,0.78780563422454,0.605));
#3886=CARTESIAN_POINT('',(-1.73545389417744,0.78780563422454,0.75));
#3887=CARTESIAN_POINT('Ctrl Pts',(-1.73545389417744,0.78780563422454,0.605));
#3888=CARTESIAN_POINT('Ctrl Pts',(-1.74161272710299,0.799150852771603,0.605));
#3889=CARTESIAN_POINT('Ctrl Pts',(-1.76365486599443,0.810171922217321,0.605));
#3890=CARTESIAN_POINT('Ctrl Pts',(-1.78245551387242,0.810171922217321,0.605));
#3891=CARTESIAN_POINT('Ctrl Pts',(-1.7257294211371,0.720706770246197,0.75));
#3892=CARTESIAN_POINT('Ctrl Pts',(-1.7257294211371,0.720706770246197,0.605));
#3893=CARTESIAN_POINT('Ctrl Pts',(-1.7257294211371,0.741452312732255,0.75));
#3894=CARTESIAN_POINT('Ctrl Pts',(-1.7257294211371,0.741452312732255,0.605));
#3895=CARTESIAN_POINT('Ctrl Pts',(-1.72961921035324,0.777108713880167,0.75));
#3896=CARTESIAN_POINT('Ctrl Pts',(-1.72961921035324,0.777108713880167,0.605));
#3897=CARTESIAN_POINT('Ctrl Pts',(-1.73545389417744,0.78780563422454,0.75));
#3898=CARTESIAN_POINT('Ctrl Pts',(-1.73545389417744,0.78780563422454,0.605));
#3899=CARTESIAN_POINT('',(-1.7257294211371,0.720706770246197,0.605));
#3900=CARTESIAN_POINT('',(-1.7257294211371,0.720706770246197,0.75));
#3901=CARTESIAN_POINT('Ctrl Pts',(-1.7257294211371,0.720706770246197,0.605));
#3902=CARTESIAN_POINT('Ctrl Pts',(-1.7257294211371,0.741452312732255,0.605));
#3903=CARTESIAN_POINT('Ctrl Pts',(-1.72961921035324,0.777108713880167,0.605));
#3904=CARTESIAN_POINT('Ctrl Pts',(-1.73545389417744,0.78780563422454,0.605));
#3905=CARTESIAN_POINT('Origin',(-1.7257294211371,0.549556044736219,0.75));
#3906=CARTESIAN_POINT('',(-1.7257294211371,0.549556044736219,0.605));
#3907=CARTESIAN_POINT('',(-1.7257294211371,0.549556044736219,0.75));
#3908=CARTESIAN_POINT('',(-1.7257294211371,0.549556044736219,0.605));
#3909=CARTESIAN_POINT('Origin',(-1.67516216132734,0.549556044736219,0.75));
#3910=CARTESIAN_POINT('',(-1.67516216132734,0.549556044736219,0.605));
#3911=CARTESIAN_POINT('Origin',(-1.81257589893304,0.736329615135947,0.605));
#3912=CARTESIAN_POINT('Ctrl Pts',(-2.16430315525642,0.775812117474788,0.75));
#3913=CARTESIAN_POINT('Ctrl Pts',(-2.16430315525642,0.775812117474788,0.605));
#3914=CARTESIAN_POINT('Ctrl Pts',(-2.14712325288515,0.790722976136642,0.75));
#3915=CARTESIAN_POINT('Ctrl Pts',(-2.14712325288515,0.790722976136642,0.605));
#3916=CARTESIAN_POINT('Ctrl Pts',(-2.10498386971035,0.810171922217321,0.75));
#3917=CARTESIAN_POINT('Ctrl Pts',(-2.10498386971035,0.810171922217321,0.605));
#3918=CARTESIAN_POINT('Ctrl Pts',(-2.08456247632563,0.810171922217321,0.75));
#3919=CARTESIAN_POINT('Ctrl Pts',(-2.08456247632563,0.810171922217321,0.605));
#3920=CARTESIAN_POINT('',(-2.08456247632563,0.810171922217321,0.75));
#3921=CARTESIAN_POINT('',(-2.16430315525642,0.775812117474788,0.75));
#3922=CARTESIAN_POINT('Ctrl Pts',(-2.08456247632563,0.810171922217321,0.75));
#3923=CARTESIAN_POINT('Ctrl Pts',(-2.10498386971035,0.810171922217321,0.75));
#3924=CARTESIAN_POINT('Ctrl Pts',(-2.14712325288515,0.790722976136642,0.75));
#3925=CARTESIAN_POINT('Ctrl Pts',(-2.16430315525642,0.775812117474788,0.75));
#3926=CARTESIAN_POINT('',(-2.08456247632563,0.810171922217321,0.605));
#3927=CARTESIAN_POINT('',(-2.08456247632563,0.810171922217321,0.75));
#3928=CARTESIAN_POINT('',(-2.16430315525642,0.775812117474788,0.605));
#3929=CARTESIAN_POINT('Ctrl Pts',(-2.08456247632563,0.810171922217321,0.605));
#3930=CARTESIAN_POINT('Ctrl Pts',(-2.10498386971035,0.810171922217321,0.605));
#3931=CARTESIAN_POINT('Ctrl Pts',(-2.14712325288515,0.790722976136642,0.605));
#3932=CARTESIAN_POINT('Ctrl Pts',(-2.16430315525642,0.775812117474788,0.605));
#3933=CARTESIAN_POINT('',(-2.16430315525642,0.775812117474788,0.75));
#3934=CARTESIAN_POINT('Origin',(-2.16430315525642,0.603688944660776,0.75));
#3935=CARTESIAN_POINT('',(-2.16430315525642,0.603688944660776,0.75));
#3936=CARTESIAN_POINT('',(-2.16430315525642,0.701844472330387,0.75));
#3937=CARTESIAN_POINT('',(-2.16430315525642,0.603688944660776,0.605));
#3938=CARTESIAN_POINT('',(-2.16430315525642,0.677392235783318,0.605));
#3939=CARTESIAN_POINT('',(-2.16430315525642,0.603688944660776,0.75));
#3940=CARTESIAN_POINT('Ctrl Pts',(-2.09817673858211,0.58650904228951,0.75));
#3941=CARTESIAN_POINT('Ctrl Pts',(-2.09817673858211,0.58650904228951,0.605));
#3942=CARTESIAN_POINT('Ctrl Pts',(-2.11568079005472,0.58650904228951,0.75));
#3943=CARTESIAN_POINT('Ctrl Pts',(-2.11568079005472,0.58650904228951,0.605));
#3944=CARTESIAN_POINT('Ctrl Pts',(-2.14517835827708,0.594288620721782,0.75));
#3945=CARTESIAN_POINT('Ctrl Pts',(-2.14517835827708,0.594288620721782,0.605));
#3946=CARTESIAN_POINT('Ctrl Pts',(-2.16430315525642,0.603688944660776,0.75));
#3947=CARTESIAN_POINT('Ctrl Pts',(-2.16430315525642,0.603688944660776,0.605));
#3948=CARTESIAN_POINT('',(-2.09817673858211,0.58650904228951,0.75));
#3949=CARTESIAN_POINT('Ctrl Pts',(-2.16430315525642,0.603688944660776,0.75));
#3950=CARTESIAN_POINT('Ctrl Pts',(-2.14517835827708,0.594288620721782,0.75));
#3951=CARTESIAN_POINT('Ctrl Pts',(-2.11568079005472,0.58650904228951,0.75));
#3952=CARTESIAN_POINT('Ctrl Pts',(-2.09817673858211,0.58650904228951,0.75));
#3953=CARTESIAN_POINT('',(-2.09817673858211,0.58650904228951,0.605));
#3954=CARTESIAN_POINT('Ctrl Pts',(-2.16430315525642,0.603688944660776,0.605));
#3955=CARTESIAN_POINT('Ctrl Pts',(-2.14517835827708,0.594288620721782,0.605));
#3956=CARTESIAN_POINT('Ctrl Pts',(-2.11568079005472,0.58650904228951,0.605));
#3957=CARTESIAN_POINT('Ctrl Pts',(-2.09817673858211,0.58650904228951,0.605));
#3958=CARTESIAN_POINT('',(-2.09817673858211,0.58650904228951,0.75));
#3959=CARTESIAN_POINT('Ctrl Pts',(-2.01551871773922,0.700609525962828,0.75));
#3960=CARTESIAN_POINT('Ctrl Pts',(-2.01551871773922,0.700609525962828,0.605));
#3961=CARTESIAN_POINT('Ctrl Pts',(-2.01551871773922,0.641290240416756,0.75));
#3962=CARTESIAN_POINT('Ctrl Pts',(-2.01551871773922,0.641290240416756,0.605));
#3963=CARTESIAN_POINT('Ctrl Pts',(-2.05960299552209,0.58650904228951,0.75));
#3964=CARTESIAN_POINT('Ctrl Pts',(-2.05960299552209,0.58650904228951,0.605));
#3965=CARTESIAN_POINT('Ctrl Pts',(-2.09817673858211,0.58650904228951,0.75));
#3966=CARTESIAN_POINT('Ctrl Pts',(-2.09817673858211,0.58650904228951,0.605));
#3967=CARTESIAN_POINT('',(-2.01551871773922,0.700609525962828,0.75));
#3968=CARTESIAN_POINT('Ctrl Pts',(-2.09817673858211,0.58650904228951,0.75));
#3969=CARTESIAN_POINT('Ctrl Pts',(-2.05960299552209,0.58650904228951,0.75));
#3970=CARTESIAN_POINT('Ctrl Pts',(-2.01551871773922,0.641290240416756,0.75));
#3971=CARTESIAN_POINT('Ctrl Pts',(-2.01551871773922,0.700609525962828,0.75));
#3972=CARTESIAN_POINT('',(-2.01551871773922,0.700609525962828,0.605));
#3973=CARTESIAN_POINT('Ctrl Pts',(-2.09817673858211,0.58650904228951,0.605));
#3974=CARTESIAN_POINT('Ctrl Pts',(-2.05960299552209,0.58650904228951,0.605));
#3975=CARTESIAN_POINT('Ctrl Pts',(-2.01551871773922,0.641290240416756,0.605));
#3976=CARTESIAN_POINT('Ctrl Pts',(-2.01551871773922,0.700609525962828,0.605));
#3977=CARTESIAN_POINT('',(-2.01551871773922,0.700609525962828,0.75));
#3978=CARTESIAN_POINT('Ctrl Pts',(-2.08456247632563,0.810171922217321,0.75));
#3979=CARTESIAN_POINT('Ctrl Pts',(-2.08456247632563,0.810171922217321,0.605));
#3980=CARTESIAN_POINT('Ctrl Pts',(-2.04825777697503,0.810171922217321,0.75));
#3981=CARTESIAN_POINT('Ctrl Pts',(-2.04825777697503,0.810171922217321,0.605));
#3982=CARTESIAN_POINT('Ctrl Pts',(-2.01551871773922,0.754418276786041,0.75));
#3983=CARTESIAN_POINT('Ctrl Pts',(-2.01551871773922,0.754418276786041,0.605));
#3984=CARTESIAN_POINT('Ctrl Pts',(-2.01551871773922,0.700609525962828,0.75));
#3985=CARTESIAN_POINT('Ctrl Pts',(-2.01551871773922,0.700609525962828,0.605));
#3986=CARTESIAN_POINT('Ctrl Pts',(-2.01551871773922,0.700609525962828,0.75));
#3987=CARTESIAN_POINT('Ctrl Pts',(-2.01551871773922,0.754418276786041,0.75));
#3988=CARTESIAN_POINT('Ctrl Pts',(-2.04825777697503,0.810171922217321,0.75));
#3989=CARTESIAN_POINT('Ctrl Pts',(-2.08456247632563,0.810171922217321,0.75));
#3990=CARTESIAN_POINT('Ctrl Pts',(-2.01551871773922,0.700609525962828,0.605));
#3991=CARTESIAN_POINT('Ctrl Pts',(-2.01551871773922,0.754418276786041,0.605));
#3992=CARTESIAN_POINT('Ctrl Pts',(-2.04825777697503,0.810171922217321,0.605));
#3993=CARTESIAN_POINT('Ctrl Pts',(-2.08456247632563,0.810171922217321,0.605));
#3994=CARTESIAN_POINT('Ctrl Pts',(-2.07256895957588,0.85814598921633,0.75));
#3995=CARTESIAN_POINT('Ctrl Pts',(-2.07256895957588,0.85814598921633,0.605));
#3996=CARTESIAN_POINT('Ctrl Pts',(-2.02167755066477,0.85814598921633,0.75));
#3997=CARTESIAN_POINT('Ctrl Pts',(-2.02167755066477,0.85814598921633,0.605));
#3998=CARTESIAN_POINT('Ctrl Pts',(-1.96333071242273,0.776784564778822,0.75));
#3999=CARTESIAN_POINT('Ctrl Pts',(-1.96333071242273,0.776784564778822,0.605));
#4000=CARTESIAN_POINT('Ctrl Pts',(-1.96333071242273,0.704499315178964,0.75));
#4001=CARTESIAN_POINT('Ctrl Pts',(-1.96333071242273,0.704499315178964,0.605));
#4002=CARTESIAN_POINT('',(-2.07256895957588,0.85814598921633,0.605));
#4003=CARTESIAN_POINT('',(-2.07256895957588,0.85814598921633,0.75));
#4004=CARTESIAN_POINT('',(-1.96333071242273,0.704499315178964,0.605));
#4005=CARTESIAN_POINT('Ctrl Pts',(-2.07256895957588,0.85814598921633,0.605));
#4006=CARTESIAN_POINT('Ctrl Pts',(-2.02167755066477,0.85814598921633,0.605));
#4007=CARTESIAN_POINT('Ctrl Pts',(-1.96333071242273,0.776784564778822,0.605));
#4008=CARTESIAN_POINT('Ctrl Pts',(-1.96333071242273,0.704499315178964,0.605));
#4009=CARTESIAN_POINT('',(-1.96333071242273,0.704499315178964,0.75));
#4010=CARTESIAN_POINT('Ctrl Pts',(-2.16430315525642,0.818275649750937,0.75));
#4011=CARTESIAN_POINT('Ctrl Pts',(-2.16430315525642,0.818275649750937,0.605));
#4012=CARTESIAN_POINT('Ctrl Pts',(-2.14517835827708,0.835455552122204,0.75));
#4013=CARTESIAN_POINT('Ctrl Pts',(-2.14517835827708,0.835455552122204,0.605));
#4014=CARTESIAN_POINT('Ctrl Pts',(-2.10076993139287,0.85814598921633,0.75));
#4015=CARTESIAN_POINT('Ctrl Pts',(-2.10076993139287,0.85814598921633,0.605));
#4016=CARTESIAN_POINT('Ctrl Pts',(-2.07256895957588,0.85814598921633,0.75));
#4017=CARTESIAN_POINT('Ctrl Pts',(-2.07256895957588,0.85814598921633,0.605));
#4018=CARTESIAN_POINT('',(-2.16430315525642,0.818275649750937,0.605));
#4019=CARTESIAN_POINT('',(-2.16430315525642,0.818275649750937,0.75));
#4020=CARTESIAN_POINT('Ctrl Pts',(-2.16430315525642,0.818275649750937,0.605));
#4021=CARTESIAN_POINT('Ctrl Pts',(-2.14517835827708,0.835455552122204,0.605));
#4022=CARTESIAN_POINT('Ctrl Pts',(-2.10076993139287,0.85814598921633,0.605));
#4023=CARTESIAN_POINT('Ctrl Pts',(-2.07256895957588,0.85814598921633,0.605));
#4024=CARTESIAN_POINT('Origin',(-2.16430315525642,0.967384236369478,0.75));
#4025=CARTESIAN_POINT('',(-2.16430315525642,0.967384236369478,0.605));
#4026=CARTESIAN_POINT('',(-2.16430315525642,0.967384236369478,0.75));
#4027=CARTESIAN_POINT('',(-2.16430315525642,0.967384236369478,0.605));
#4028=CARTESIAN_POINT('Origin',(-2.21487041506618,0.967384236369478,0.75));
#4029=CARTESIAN_POINT('',(-2.21487041506618,0.967384236369478,0.605));
#4030=CARTESIAN_POINT('',(-2.21487041506618,0.967384236369478,0.75));
#4031=CARTESIAN_POINT('',(-2.21487041506618,0.967384236369478,0.605));
#4032=CARTESIAN_POINT('Origin',(-2.21487041506618,0.549556044736219,0.75));
#4033=CARTESIAN_POINT('',(-2.21487041506618,0.549556044736219,0.605));
#4034=CARTESIAN_POINT('',(-2.21487041506618,0.549556044736219,0.75));
#4035=CARTESIAN_POINT('',(-2.21487041506618,0.549556044736219,0.605));
#4036=CARTESIAN_POINT('Origin',(-2.16754464626987,0.549556044736219,0.75));
#4037=CARTESIAN_POINT('',(-2.16754464626987,0.549556044736219,0.605));
#4038=CARTESIAN_POINT('',(-2.16754464626987,0.549556044736219,0.75));
#4039=CARTESIAN_POINT('',(-2.16754464626987,0.549556044736219,0.605));
#4040=CARTESIAN_POINT('Origin',(-2.16430315525642,0.563494456094039,0.75));
#4041=CARTESIAN_POINT('',(-2.16430315525642,0.563494456094039,0.605));
#4042=CARTESIAN_POINT('',(-2.16430315525642,0.563494456094039,0.75));
#4043=CARTESIAN_POINT('',(-2.16430315525642,0.563494456094039,0.605));
#4044=CARTESIAN_POINT('Ctrl Pts',(-2.08845226554177,0.541128168101258,0.75));
#4045=CARTESIAN_POINT('Ctrl Pts',(-2.08845226554177,0.541128168101258,0.605));
#4046=CARTESIAN_POINT('Ctrl Pts',(-2.11276344814262,0.541128168101258,0.75));
#4047=CARTESIAN_POINT('Ctrl Pts',(-2.11276344814262,0.541128168101258,0.605));
#4048=CARTESIAN_POINT('Ctrl Pts',(-2.1474474019865,0.553121684851011,0.75));
#4049=CARTESIAN_POINT('Ctrl Pts',(-2.1474474019865,0.553121684851011,0.605));
#4050=CARTESIAN_POINT('Ctrl Pts',(-2.16430315525642,0.563494456094039,0.75));
#4051=CARTESIAN_POINT('Ctrl Pts',(-2.16430315525642,0.563494456094039,0.605));
#4052=CARTESIAN_POINT('',(-2.08845226554177,0.541128168101258,0.605));
#4053=CARTESIAN_POINT('',(-2.08845226554177,0.541128168101258,0.75));
#4054=CARTESIAN_POINT('Ctrl Pts',(-2.08845226554177,0.541128168101258,0.605));
#4055=CARTESIAN_POINT('Ctrl Pts',(-2.11276344814262,0.541128168101258,0.605));
#4056=CARTESIAN_POINT('Ctrl Pts',(-2.1474474019865,0.553121684851011,0.605));
#4057=CARTESIAN_POINT('Ctrl Pts',(-2.16430315525642,0.563494456094039,0.605));
#4058=CARTESIAN_POINT('Ctrl Pts',(-1.96333071242273,0.704499315178964,0.75));
#4059=CARTESIAN_POINT('Ctrl Pts',(-1.96333071242273,0.704499315178964,0.605));
#4060=CARTESIAN_POINT('Ctrl Pts',(-1.96333071242273,0.630917469173727,0.75));
#4061=CARTESIAN_POINT('Ctrl Pts',(-1.96333071242273,0.630917469173727,0.605));
#4062=CARTESIAN_POINT('Ctrl Pts',(-2.03464351471856,0.541128168101258,0.75));
#4063=CARTESIAN_POINT('Ctrl Pts',(-2.03464351471856,0.541128168101258,0.605));
#4064=CARTESIAN_POINT('Ctrl Pts',(-2.08845226554177,0.541128168101258,0.75));
#4065=CARTESIAN_POINT('Ctrl Pts',(-2.08845226554177,0.541128168101258,0.605));
#4066=CARTESIAN_POINT('Ctrl Pts',(-1.96333071242273,0.704499315178964,0.605));
#4067=CARTESIAN_POINT('Ctrl Pts',(-1.96333071242273,0.630917469173727,0.605));
#4068=CARTESIAN_POINT('Ctrl Pts',(-2.03464351471856,0.541128168101258,0.605));
#4069=CARTESIAN_POINT('Ctrl Pts',(-2.08845226554177,0.541128168101258,0.605));
#4070=CARTESIAN_POINT('Origin',(-2.13289109234869,0.75109552690586,0.605));
#4071=CARTESIAN_POINT('Origin',(-1.38504871562387,0.590398831505646,0.75));
#4072=CARTESIAN_POINT('',(-1.38504871562387,0.590398831505646,0.605));
#4073=CARTESIAN_POINT('',(-1.38504871562387,0.590398831505646,0.75));
#4074=CARTESIAN_POINT('',(-1.38504871562387,0.549556044736219,0.605));
#4075=CARTESIAN_POINT('',(-1.38504871562387,0.590398831505646,0.605));
#4076=CARTESIAN_POINT('',(-1.38504871562387,0.549556044736219,0.75));
#4077=CARTESIAN_POINT('Origin',(-1.45603736881835,0.590398831505646,0.75));
#4078=CARTESIAN_POINT('',(-1.45603736881835,0.590398831505646,0.605));
#4079=CARTESIAN_POINT('',(-1.45603736881835,0.590398831505646,0.75));
#4080=CARTESIAN_POINT('',(-1.45603736881835,0.590398831505646,0.605));
#4081=CARTESIAN_POINT('Origin',(-1.45603736881835,0.950852632200901,0.75));
#4082=CARTESIAN_POINT('',(-1.45603736881835,0.950852632200901,0.605));
#4083=CARTESIAN_POINT('',(-1.45603736881835,0.950852632200901,0.75));
#4084=CARTESIAN_POINT('',(-1.45603736881835,0.950852632200901,0.605));
#4085=CARTESIAN_POINT('Origin',(-1.49752845379046,0.950852632200901,0.75));
#4086=CARTESIAN_POINT('',(-1.49752845379046,0.950852632200901,0.605));
#4087=CARTESIAN_POINT('',(-1.49752845379046,0.950852632200901,0.75));
#4088=CARTESIAN_POINT('',(-1.49752845379046,0.950852632200901,0.605));
#4089=CARTESIAN_POINT('Ctrl Pts',(-1.58018647463335,0.895098986769621,0.75));
#4090=CARTESIAN_POINT('Ctrl Pts',(-1.58018647463335,0.895098986769621,0.605));
#4091=CARTESIAN_POINT('Ctrl Pts',(-1.53901953876258,0.895098986769621,0.75));
#4092=CARTESIAN_POINT('Ctrl Pts',(-1.53901953876258,0.895098986769621,0.605));
#4093=CARTESIAN_POINT('Ctrl Pts',(-1.50012164660122,0.918437722066436,0.75));
#4094=CARTESIAN_POINT('Ctrl Pts',(-1.50012164660122,0.918437722066436,0.605));
#4095=CARTESIAN_POINT('Ctrl Pts',(-1.49752845379046,0.950852632200901,0.75));
#4096=CARTESIAN_POINT('Ctrl Pts',(-1.49752845379046,0.950852632200901,0.605));
#4097=CARTESIAN_POINT('',(-1.58018647463335,0.895098986769621,0.605));
#4098=CARTESIAN_POINT('',(-1.58018647463335,0.895098986769621,0.75));
#4099=CARTESIAN_POINT('Ctrl Pts',(-1.58018647463335,0.895098986769621,0.605));
#4100=CARTESIAN_POINT('Ctrl Pts',(-1.53901953876258,0.895098986769621,0.605));
#4101=CARTESIAN_POINT('Ctrl Pts',(-1.50012164660122,0.918437722066436,0.605));
#4102=CARTESIAN_POINT('Ctrl Pts',(-1.49752845379046,0.950852632200901,0.605));
#4103=CARTESIAN_POINT('Origin',(-1.58018647463335,0.858470138317675,0.75));
#4104=CARTESIAN_POINT('',(-1.58018647463335,0.858470138317675,0.605));
#4105=CARTESIAN_POINT('',(-1.58018647463335,0.858470138317675,0.75));
#4106=CARTESIAN_POINT('',(-1.58018647463335,0.858470138317675,0.605));
#4107=CARTESIAN_POINT('Origin',(-1.50757707593215,0.858470138317675,0.75));
#4108=CARTESIAN_POINT('',(-1.50757707593215,0.858470138317675,0.605));
#4109=CARTESIAN_POINT('',(-1.50757707593215,0.858470138317675,0.75));
#4110=CARTESIAN_POINT('',(-1.50757707593215,0.858470138317675,0.605));
#4111=CARTESIAN_POINT('Origin',(-1.50757707593215,0.590398831505646,0.75));
#4112=CARTESIAN_POINT('',(-1.50757707593215,0.590398831505646,0.605));
#4113=CARTESIAN_POINT('',(-1.50757707593215,0.590398831505646,0.75));
#4114=CARTESIAN_POINT('',(-1.50757707593215,0.590398831505646,0.605));
#4115=CARTESIAN_POINT('Origin',(-1.58018647463335,0.590398831505646,0.75));
#4116=CARTESIAN_POINT('',(-1.58018647463335,0.590398831505646,0.605));
#4117=CARTESIAN_POINT('',(-1.58018647463335,0.590398831505646,0.75));
#4118=CARTESIAN_POINT('',(-1.58018647463335,0.590398831505646,0.605));
#4119=CARTESIAN_POINT('Origin',(-1.58018647463335,0.549556044736219,0.75));
#4120=CARTESIAN_POINT('',(-1.58018647463335,0.549556044736219,0.605));
#4121=CARTESIAN_POINT('',(-1.58018647463335,0.549556044736219,0.75));
#4122=CARTESIAN_POINT('',(-1.58018647463335,0.549556044736219,0.605));
#4123=CARTESIAN_POINT('Origin',(-1.38504871562387,0.549556044736219,0.75));
#4124=CARTESIAN_POINT('',(-1.38504871562387,0.549556044736219,0.605));
#4125=CARTESIAN_POINT('Origin',(-1.48955663169681,0.717661030338324,0.605));
#4126=CARTESIAN_POINT('Ctrl Pts',(-0.810008209838453,0.773218924664031,
0.75));
#4127=CARTESIAN_POINT('Ctrl Pts',(-0.810008209838453,0.773218924664031,
0.605));
#4128=CARTESIAN_POINT('Ctrl Pts',(-0.790235114656429,0.758308066002177,
0.75));
#4129=CARTESIAN_POINT('Ctrl Pts',(-0.790235114656429,0.758308066002177,
0.605));
#4130=CARTESIAN_POINT('Ctrl Pts',(-0.768841273967682,0.712927191813925,
0.75));
#4131=CARTESIAN_POINT('Ctrl Pts',(-0.768841273967682,0.712927191813925,
0.605));
#4132=CARTESIAN_POINT('Ctrl Pts',(-0.768841273967682,0.676622492463324,
0.75));
#4133=CARTESIAN_POINT('Ctrl Pts',(-0.768841273967682,0.676622492463324,
0.605));
#4134=CARTESIAN_POINT('',(-0.810008209838453,0.773218924664031,0.605));
#4135=CARTESIAN_POINT('',(-0.810008209838453,0.773218924664031,0.75));
#4136=CARTESIAN_POINT('',(-0.768841273967682,0.676622492463324,0.605));
#4137=CARTESIAN_POINT('Ctrl Pts',(-0.810008209838453,0.773218924664031,
0.605));
#4138=CARTESIAN_POINT('Ctrl Pts',(-0.790235114656429,0.758308066002177,
0.605));
#4139=CARTESIAN_POINT('Ctrl Pts',(-0.768841273967682,0.712927191813925,
0.605));
#4140=CARTESIAN_POINT('Ctrl Pts',(-0.768841273967682,0.676622492463324,
0.605));
#4141=CARTESIAN_POINT('',(-0.768841273967682,0.676622492463324,0.75));
#4142=CARTESIAN_POINT('Ctrl Pts',(-0.902714852823024,0.798178405467569,
0.75));
#4143=CARTESIAN_POINT('Ctrl Pts',(-0.902714852823024,0.798178405467569,
0.605));
#4144=CARTESIAN_POINT('Ctrl Pts',(-0.871920688195282,0.798178405467569,
0.75));
#4145=CARTESIAN_POINT('Ctrl Pts',(-0.871920688195282,0.798178405467569,
0.605));
#4146=CARTESIAN_POINT('Ctrl Pts',(-0.829457155919132,0.788129783325885,
0.75));
#4147=CARTESIAN_POINT('Ctrl Pts',(-0.829457155919132,0.788129783325885,
0.605));
#4148=CARTESIAN_POINT('Ctrl Pts',(-0.810008209838453,0.773218924664031,
0.75));
#4149=CARTESIAN_POINT('Ctrl Pts',(-0.810008209838453,0.773218924664031,
0.605));
#4150=CARTESIAN_POINT('',(-0.902714852823025,0.798178405467569,0.605));
#4151=CARTESIAN_POINT('',(-0.902714852823025,0.798178405467569,0.75));
#4152=CARTESIAN_POINT('Ctrl Pts',(-0.902714852823024,0.798178405467569,
0.605));
#4153=CARTESIAN_POINT('Ctrl Pts',(-0.871920688195282,0.798178405467569,
0.605));
#4154=CARTESIAN_POINT('Ctrl Pts',(-0.829457155919132,0.788129783325885,
0.605));
#4155=CARTESIAN_POINT('Ctrl Pts',(-0.810008209838453,0.773218924664031,
0.605));
#4156=CARTESIAN_POINT('Ctrl Pts',(-0.939019552173626,0.795909361758157,
0.75));
#4157=CARTESIAN_POINT('Ctrl Pts',(-0.939019552173626,0.795909361758157,
0.605));
#4158=CARTESIAN_POINT('Ctrl Pts',(-0.929295079133286,0.797205958163535,
0.75));
#4159=CARTESIAN_POINT('Ctrl Pts',(-0.929295079133286,0.797205958163535,
0.605));
#4160=CARTESIAN_POINT('Ctrl Pts',(-0.910494431255296,0.798178405467569,
0.75));
#4161=CARTESIAN_POINT('Ctrl Pts',(-0.910494431255296,0.798178405467569,
0.605));
#4162=CARTESIAN_POINT('Ctrl Pts',(-0.902714852823024,0.798178405467569,
0.75));
#4163=CARTESIAN_POINT('Ctrl Pts',(-0.902714852823024,0.798178405467569,
0.605));
#4164=CARTESIAN_POINT('',(-0.939019552173626,0.795909361758157,0.605));
#4165=CARTESIAN_POINT('',(-0.939019552173626,0.795909361758157,0.75));
#4166=CARTESIAN_POINT('Ctrl Pts',(-0.939019552173626,0.795909361758157,
0.605));
#4167=CARTESIAN_POINT('Ctrl Pts',(-0.929295079133286,0.797205958163535,
0.605));
#4168=CARTESIAN_POINT('Ctrl Pts',(-0.910494431255296,0.798178405467569,
0.605));
#4169=CARTESIAN_POINT('Ctrl Pts',(-0.902714852823024,0.798178405467569,
0.605));
#4170=CARTESIAN_POINT('Origin',(-0.939019552173626,0.902554416100548,0.75));
#4171=CARTESIAN_POINT('',(-0.939019552173626,0.902554416100548,0.605));
#4172=CARTESIAN_POINT('',(-0.939019552173626,0.902554416100548,0.75));
#4173=CARTESIAN_POINT('',(-0.939019552173626,0.902554416100548,0.605));
#4174=CARTESIAN_POINT('Origin',(-0.771110317677095,0.902554416100548,0.75));
#4175=CARTESIAN_POINT('',(-0.771110317677095,0.902554416100548,0.605));
#4176=CARTESIAN_POINT('',(-0.771110317677095,0.902554416100548,0.75));
#4177=CARTESIAN_POINT('',(-0.771110317677095,0.902554416100548,0.605));
#4178=CARTESIAN_POINT('Origin',(-0.771110317677095,0.949556035795523,0.75));
#4179=CARTESIAN_POINT('',(-0.771110317677095,0.949556035795523,0.605));
#4180=CARTESIAN_POINT('',(-0.771110317677095,0.949556035795523,0.75));
#4181=CARTESIAN_POINT('',(-0.771110317677095,0.949556035795523,0.605));
#4182=CARTESIAN_POINT('Origin',(-0.990559259287426,0.949556035795523,0.75));
#4183=CARTESIAN_POINT('',(-0.990559259287426,0.949556035795523,0.605));
#4184=CARTESIAN_POINT('',(-0.990559259287426,0.949556035795523,0.75));
#4185=CARTESIAN_POINT('',(-0.990559259287426,0.949556035795523,0.605));
#4186=CARTESIAN_POINT('Origin',(-0.990559259287426,0.743397207340323,0.75));
#4187=CARTESIAN_POINT('',(-0.990559259287426,0.743397207340323,0.605));
#4188=CARTESIAN_POINT('',(-0.990559259287426,0.743397207340323,0.75));
#4189=CARTESIAN_POINT('',(-0.990559259287426,0.743397207340323,0.605));
#4190=CARTESIAN_POINT('Ctrl Pts',(-0.91146687855933,0.753121680380662,0.75));
#4191=CARTESIAN_POINT('Ctrl Pts',(-0.91146687855933,0.753121680380662,0.605));
#4192=CARTESIAN_POINT('Ctrl Pts',(-0.933509017450767,0.753121680380662,
0.75));
#4193=CARTESIAN_POINT('Ctrl Pts',(-0.933509017450767,0.753121680380662,
0.605));
#4194=CARTESIAN_POINT('Ctrl Pts',(-0.977269146132295,0.746314549252425,
0.75));
#4195=CARTESIAN_POINT('Ctrl Pts',(-0.977269146132295,0.746314549252425,
0.605));
#4196=CARTESIAN_POINT('Ctrl Pts',(-0.990559259287426,0.743397207340323,
0.75));
#4197=CARTESIAN_POINT('Ctrl Pts',(-0.990559259287426,0.743397207340323,
0.605));
#4198=CARTESIAN_POINT('',(-0.91146687855933,0.753121680380662,0.605));
#4199=CARTESIAN_POINT('',(-0.91146687855933,0.753121680380662,0.75));
#4200=CARTESIAN_POINT('Ctrl Pts',(-0.91146687855933,0.753121680380662,0.605));
#4201=CARTESIAN_POINT('Ctrl Pts',(-0.933509017450767,0.753121680380662,
0.605));
#4202=CARTESIAN_POINT('Ctrl Pts',(-0.977269146132295,0.746314549252425,
0.605));
#4203=CARTESIAN_POINT('Ctrl Pts',(-0.990559259287426,0.743397207340323,
0.605));
#4204=CARTESIAN_POINT('Ctrl Pts',(-0.84598876008771,0.734645181604017,0.75));
#4205=CARTESIAN_POINT('Ctrl Pts',(-0.84598876008771,0.734645181604017,0.605));
#4206=CARTESIAN_POINT('Ctrl Pts',(-0.857333978634773,0.744693803745701,
0.75));
#4207=CARTESIAN_POINT('Ctrl Pts',(-0.857333978634773,0.744693803745701,
0.605));
#4208=CARTESIAN_POINT('Ctrl Pts',(-0.891045485174617,0.753121680380662,
0.75));
#4209=CARTESIAN_POINT('Ctrl Pts',(-0.891045485174617,0.753121680380662,
0.605));
#4210=CARTESIAN_POINT('Ctrl Pts',(-0.91146687855933,0.753121680380662,0.75));
#4211=CARTESIAN_POINT('Ctrl Pts',(-0.91146687855933,0.753121680380662,0.605));
#4212=CARTESIAN_POINT('',(-0.84598876008771,0.734645181604017,0.605));
#4213=CARTESIAN_POINT('',(-0.84598876008771,0.734645181604017,0.75));
#4214=CARTESIAN_POINT('Ctrl Pts',(-0.84598876008771,0.734645181604017,0.605));
#4215=CARTESIAN_POINT('Ctrl Pts',(-0.857333978634773,0.744693803745701,
0.605));
#4216=CARTESIAN_POINT('Ctrl Pts',(-0.891045485174617,0.753121680380662,
0.605));
#4217=CARTESIAN_POINT('Ctrl Pts',(-0.91146687855933,0.753121680380662,0.605));
#4218=CARTESIAN_POINT('Ctrl Pts',(-0.823298322993584,0.676946641564669,
0.75));
#4219=CARTESIAN_POINT('Ctrl Pts',(-0.823298322993584,0.676946641564669,
0.605));
#4220=CARTESIAN_POINT('Ctrl Pts',(-0.823298322993584,0.698340482253416,
0.75));
#4221=CARTESIAN_POINT('Ctrl Pts',(-0.823298322993584,0.698340482253416,
0.605));
#4222=CARTESIAN_POINT('Ctrl Pts',(-0.834967690641992,0.725569006766367,
0.75));
#4223=CARTESIAN_POINT('Ctrl Pts',(-0.834967690641992,0.725569006766367,
0.605));
#4224=CARTESIAN_POINT('Ctrl Pts',(-0.84598876008771,0.734645181604017,0.75));
#4225=CARTESIAN_POINT('Ctrl Pts',(-0.84598876008771,0.734645181604017,0.605));
#4226=CARTESIAN_POINT('',(-0.823298322993584,0.676946641564668,0.605));
#4227=CARTESIAN_POINT('',(-0.823298322993584,0.676946641564668,0.75));
#4228=CARTESIAN_POINT('Ctrl Pts',(-0.823298322993584,0.676946641564669,
0.605));
#4229=CARTESIAN_POINT('Ctrl Pts',(-0.823298322993584,0.698340482253416,
0.605));
#4230=CARTESIAN_POINT('Ctrl Pts',(-0.834967690641992,0.725569006766367,
0.605));
#4231=CARTESIAN_POINT('Ctrl Pts',(-0.84598876008771,0.734645181604017,0.605));
#4232=CARTESIAN_POINT('Ctrl Pts',(-0.843719716378297,0.611792672194393,
0.75));
#4233=CARTESIAN_POINT('Ctrl Pts',(-0.843719716378297,0.611792672194393,
0.605));
#4234=CARTESIAN_POINT('Ctrl Pts',(-0.833671094236613,0.623786188944145,
0.75));
#4235=CARTESIAN_POINT('Ctrl Pts',(-0.833671094236613,0.623786188944145,
0.605));
#4236=CARTESIAN_POINT('Ctrl Pts',(-0.823298322993584,0.655552800875921,
0.75));
#4237=CARTESIAN_POINT('Ctrl Pts',(-0.823298322993584,0.655552800875921,
0.605));
#4238=CARTESIAN_POINT('Ctrl Pts',(-0.823298322993584,0.676946641564669,
0.75));
#4239=CARTESIAN_POINT('Ctrl Pts',(-0.823298322993584,0.676946641564669,
0.605));
#4240=CARTESIAN_POINT('',(-0.843719716378297,0.611792672194393,0.605));
#4241=CARTESIAN_POINT('',(-0.843719716378297,0.611792672194393,0.75));
#4242=CARTESIAN_POINT('Ctrl Pts',(-0.843719716378297,0.611792672194393,
0.605));
#4243=CARTESIAN_POINT('Ctrl Pts',(-0.833671094236613,0.623786188944145,
0.605));
#4244=CARTESIAN_POINT('Ctrl Pts',(-0.823298322993584,0.655552800875921,
0.605));
#4245=CARTESIAN_POINT('Ctrl Pts',(-0.823298322993584,0.676946641564669,
0.605));
#4246=CARTESIAN_POINT('Ctrl Pts',(-0.901418256417646,0.587481489593544,
0.75));
#4247=CARTESIAN_POINT('Ctrl Pts',(-0.901418256417646,0.587481489593544,
0.605));
#4248=CARTESIAN_POINT('Ctrl Pts',(-0.885210801350413,0.587481489593544,
0.75));
#4249=CARTESIAN_POINT('Ctrl Pts',(-0.885210801350413,0.587481489593544,
0.605));
#4250=CARTESIAN_POINT('Ctrl Pts',(-0.854740785824015,0.599150857241952,
0.75));
#4251=CARTESIAN_POINT('Ctrl Pts',(-0.854740785824015,0.599150857241952,
0.605));
#4252=CARTESIAN_POINT('Ctrl Pts',(-0.843719716378297,0.611792672194393,
0.75));
#4253=CARTESIAN_POINT('Ctrl Pts',(-0.843719716378297,0.611792672194393,
0.605));
#4254=CARTESIAN_POINT('',(-0.901418256417646,0.587481489593544,0.605));
#4255=CARTESIAN_POINT('',(-0.901418256417646,0.587481489593544,0.75));
#4256=CARTESIAN_POINT('Ctrl Pts',(-0.901418256417646,0.587481489593544,
0.605));
#4257=CARTESIAN_POINT('Ctrl Pts',(-0.885210801350413,0.587481489593544,
0.605));
#4258=CARTESIAN_POINT('Ctrl Pts',(-0.854740785824015,0.599150857241952,
0.605));
#4259=CARTESIAN_POINT('Ctrl Pts',(-0.843719716378297,0.611792672194393,
0.605));
#4260=CARTESIAN_POINT('Ctrl Pts',(-0.960089243761028,0.599150857241952,
0.75));
#4261=CARTESIAN_POINT('Ctrl Pts',(-0.960089243761028,0.599150857241952,
0.605));
#4262=CARTESIAN_POINT('Ctrl Pts',(-0.94420593779514,0.593640322519092,0.75));
#4263=CARTESIAN_POINT('Ctrl Pts',(-0.94420593779514,0.593640322519092,0.605));
#4264=CARTESIAN_POINT('Ctrl Pts',(-0.917949860586223,0.587481489593544,
0.75));
#4265=CARTESIAN_POINT('Ctrl Pts',(-0.917949860586223,0.587481489593544,
0.605));
#4266=CARTESIAN_POINT('Ctrl Pts',(-0.901418256417646,0.587481489593544,
0.75));
#4267=CARTESIAN_POINT('Ctrl Pts',(-0.901418256417646,0.587481489593544,
0.605));
#4268=CARTESIAN_POINT('',(-0.960089243761028,0.599150857241952,0.605));
#4269=CARTESIAN_POINT('',(-0.960089243761028,0.599150857241952,0.75));
#4270=CARTESIAN_POINT('Ctrl Pts',(-0.960089243761028,0.599150857241952,
0.605));
#4271=CARTESIAN_POINT('Ctrl Pts',(-0.94420593779514,0.593640322519092,0.605));
#4272=CARTESIAN_POINT('Ctrl Pts',(-0.917949860586223,0.587481489593544,
0.605));
#4273=CARTESIAN_POINT('Ctrl Pts',(-0.901418256417646,0.587481489593544,
0.605));
#4274=CARTESIAN_POINT('Ctrl Pts',(-1.00320107423987,0.620544697930699,0.75));
#4275=CARTESIAN_POINT('Ctrl Pts',(-1.00320107423987,0.620544697930699,0.605));
#4276=CARTESIAN_POINT('Ctrl Pts',(-0.997042241314319,0.616006610511874,
0.75));
#4277=CARTESIAN_POINT('Ctrl Pts',(-0.997042241314319,0.616006610511874,
0.605));
#4278=CARTESIAN_POINT('Ctrl Pts',(-0.974027655118848,0.604337242863466,
0.75));
#4279=CARTESIAN_POINT('Ctrl Pts',(-0.974027655118848,0.604337242863466,
0.605));
#4280=CARTESIAN_POINT('Ctrl Pts',(-0.960089243761028,0.599150857241952,
0.75));
#4281=CARTESIAN_POINT('Ctrl Pts',(-0.960089243761028,0.599150857241952,
0.605));
#4282=CARTESIAN_POINT('',(-1.00320107423987,0.620544697930699,0.605));
#4283=CARTESIAN_POINT('',(-1.00320107423987,0.620544697930699,0.75));
#4284=CARTESIAN_POINT('Ctrl Pts',(-1.00320107423987,0.620544697930699,0.605));
#4285=CARTESIAN_POINT('Ctrl Pts',(-0.997042241314319,0.616006610511874,
0.605));
#4286=CARTESIAN_POINT('Ctrl Pts',(-0.974027655118848,0.604337242863466,
0.605));
#4287=CARTESIAN_POINT('Ctrl Pts',(-0.960089243761028,0.599150857241952,
0.605));
#4288=CARTESIAN_POINT('Origin',(-1.007090863456,0.620544697930699,0.75));
#4289=CARTESIAN_POINT('',(-1.007090863456,0.620544697930699,0.605));
#4290=CARTESIAN_POINT('',(-1.007090863456,0.620544697930699,0.75));
#4291=CARTESIAN_POINT('',(-1.007090863456,0.620544697930699,0.605));
#4292=CARTESIAN_POINT('Origin',(-1.007090863456,0.563818605195384,0.75));
#4293=CARTESIAN_POINT('',(-1.007090863456,0.563818605195384,0.605));
#4294=CARTESIAN_POINT('',(-1.007090863456,0.563818605195384,0.75));
#4295=CARTESIAN_POINT('',(-1.007090863456,0.563818605195384,0.605));
#4296=CARTESIAN_POINT('Ctrl Pts',(-0.90239070372168,0.541128168101258,0.75));
#4297=CARTESIAN_POINT('Ctrl Pts',(-0.90239070372168,0.541128168101258,0.605));
#4298=CARTESIAN_POINT('Ctrl Pts',(-0.930915824640009,0.541128168101258,
0.75));
#4299=CARTESIAN_POINT('Ctrl Pts',(-0.930915824640009,0.541128168101258,
0.605));
#4300=CARTESIAN_POINT('Ctrl Pts',(-0.98666947007129,0.5537699830537,0.75));
#4301=CARTESIAN_POINT('Ctrl Pts',(-0.98666947007129,0.5537699830537,0.605));
#4302=CARTESIAN_POINT('Ctrl Pts',(-1.007090863456,0.563818605195384,0.75));
#4303=CARTESIAN_POINT('Ctrl Pts',(-1.007090863456,0.563818605195384,0.605));
#4304=CARTESIAN_POINT('',(-0.90239070372168,0.541128168101258,0.605));
#4305=CARTESIAN_POINT('',(-0.90239070372168,0.541128168101258,0.75));
#4306=CARTESIAN_POINT('Ctrl Pts',(-0.90239070372168,0.541128168101258,0.605));
#4307=CARTESIAN_POINT('Ctrl Pts',(-0.930915824640009,0.541128168101258,
0.605));
#4308=CARTESIAN_POINT('Ctrl Pts',(-0.98666947007129,0.5537699830537,0.605));
#4309=CARTESIAN_POINT('Ctrl Pts',(-1.007090863456,0.563818605195384,0.605));
#4310=CARTESIAN_POINT('Ctrl Pts',(-0.80417352601425,0.580350209363962,0.75));
#4311=CARTESIAN_POINT('Ctrl Pts',(-0.80417352601425,0.580350209363962,0.605));
#4312=CARTESIAN_POINT('Ctrl Pts',(-0.821029279284171,0.562197859688661,
0.75));
#4313=CARTESIAN_POINT('Ctrl Pts',(-0.821029279284171,0.562197859688661,
0.605));
#4314=CARTESIAN_POINT('Ctrl Pts',(-0.871272389992593,0.541128168101258,
0.75));
#4315=CARTESIAN_POINT('Ctrl Pts',(-0.871272389992593,0.541128168101258,
0.605));
#4316=CARTESIAN_POINT('Ctrl Pts',(-0.90239070372168,0.541128168101258,0.75));
#4317=CARTESIAN_POINT('Ctrl Pts',(-0.90239070372168,0.541128168101258,0.605));
#4318=CARTESIAN_POINT('',(-0.80417352601425,0.580350209363962,0.605));
#4319=CARTESIAN_POINT('',(-0.80417352601425,0.580350209363962,0.75));
#4320=CARTESIAN_POINT('Ctrl Pts',(-0.80417352601425,0.580350209363962,0.605));
#4321=CARTESIAN_POINT('Ctrl Pts',(-0.821029279284171,0.562197859688661,
0.605));
#4322=CARTESIAN_POINT('Ctrl Pts',(-0.871272389992593,0.541128168101258,
0.605));
#4323=CARTESIAN_POINT('Ctrl Pts',(-0.90239070372168,0.541128168101258,0.605));
#4324=CARTESIAN_POINT('Ctrl Pts',(-0.768841273967682,0.676622492463324,
0.75));
#4325=CARTESIAN_POINT('Ctrl Pts',(-0.768841273967682,0.676622492463324,
0.605));
#4326=CARTESIAN_POINT('Ctrl Pts',(-0.768841273967682,0.64777322244365,0.75));
#4327=CARTESIAN_POINT('Ctrl Pts',(-0.768841273967682,0.64777322244365,0.605));
#4328=CARTESIAN_POINT('Ctrl Pts',(-0.787317772744328,0.598502559039262,
0.75));
#4329=CARTESIAN_POINT('Ctrl Pts',(-0.787317772744328,0.598502559039262,
0.605));
#4330=CARTESIAN_POINT('Ctrl Pts',(-0.80417352601425,0.580350209363962,0.75));
#4331=CARTESIAN_POINT('Ctrl Pts',(-0.80417352601425,0.580350209363962,0.605));
#4332=CARTESIAN_POINT('Ctrl Pts',(-0.768841273967682,0.676622492463324,
0.605));
#4333=CARTESIAN_POINT('Ctrl Pts',(-0.768841273967682,0.64777322244365,0.605));
#4334=CARTESIAN_POINT('Ctrl Pts',(-0.787317772744328,0.598502559039262,
0.605));
#4335=CARTESIAN_POINT('Ctrl Pts',(-0.80417352601425,0.580350209363962,0.605));
#4336=CARTESIAN_POINT('Origin',(-0.892300398589508,0.770121385487723,0.605));
#4337=CARTESIAN_POINT('Origin',(-1.2,0.8,0.75));
#4338=CARTESIAN_POINT('Origin',(-2.08337216900747,1.27347251418134,0.75));
#4339=CARTESIAN_POINT('',(-1.94873954545853,1.27347251418134,0.65));
#4340=CARTESIAN_POINT('Origin',(-2.08337216900747,1.27347251418134,0.65));
#4341=CARTESIAN_POINT('Origin',(-2.08337216900747,1.27347251418134,0.65));
#4342=CARTESIAN_POINT('Origin',(-2.8,0.91,0.));
#4343=CARTESIAN_POINT('',(-2.8,0.69,0.145));
#4344=CARTESIAN_POINT('',(-2.8,0.69,0.));
#4345=CARTESIAN_POINT('',(-2.8,0.91,0.145));
#4346=CARTESIAN_POINT('',(-2.8,0.69,0.145));
#4347=CARTESIAN_POINT('',(-2.8,0.91,0.));
#4348=CARTESIAN_POINT('Origin',(-2.6,0.91,0.));
#4349=CARTESIAN_POINT('',(-2.6,0.91,0.145));
#4350=CARTESIAN_POINT('',(-2.8,0.91,0.145));
#4351=CARTESIAN_POINT('',(-2.6,0.91,0.));
#4352=CARTESIAN_POINT('Origin',(-2.8,0.69,0.));
#4353=CARTESIAN_POINT('',(-2.6,0.69,0.145));
#4354=CARTESIAN_POINT('',(-2.6,0.69,0.));
#4355=CARTESIAN_POINT('',(-2.6,0.69,0.145));
#4356=CARTESIAN_POINT('Origin',(-2.7,0.8,0.145));
#4357=CARTESIAN_POINT('',(-2.6,1.23259516440783E-31,0.145));
#4358=CARTESIAN_POINT('Origin',(0.2,1.41,0.));
#4359=CARTESIAN_POINT('',(0.2,1.41,0.145));
#4360=CARTESIAN_POINT('',(0.2,1.41,0.145));
#4361=CARTESIAN_POINT('',(0.2,1.41,0.));
#4362=CARTESIAN_POINT('Origin',(0.2,1.19,0.));
#4363=CARTESIAN_POINT('',(0.2,1.19,0.145));
#4364=CARTESIAN_POINT('',(0.2,1.19,0.145));
#4365=CARTESIAN_POINT('',(0.2,1.19,0.));
#4366=CARTESIAN_POINT('Origin',(0.,1.19,0.));
#4367=CARTESIAN_POINT('',(0.,1.19,0.145));
#4368=CARTESIAN_POINT('',(0.,1.19,0.));
#4369=CARTESIAN_POINT('Origin',(0.1,1.3,0.145));
#4370=CARTESIAN_POINT('Origin',(0.2,0.41,0.));
#4371=CARTESIAN_POINT('',(0.,0.41,0.));
#4372=CARTESIAN_POINT('',(0.2,0.41,0.145));
#4373=CARTESIAN_POINT('',(0.2,0.41,0.145));
#4374=CARTESIAN_POINT('',(0.2,0.41,0.));
#4375=CARTESIAN_POINT('Origin',(0.2,0.19,0.));
#4376=CARTESIAN_POINT('',(0.2,0.19,0.145));
#4377=CARTESIAN_POINT('',(0.2,0.19,0.145));
#4378=CARTESIAN_POINT('',(0.2,0.19,0.));
#4379=CARTESIAN_POINT('Origin',(0.,0.19,0.));
#4380=CARTESIAN_POINT('',(0.,0.19,0.145));
#4381=CARTESIAN_POINT('Origin',(0.1,0.3,0.145));
#4382=CARTESIAN_POINT('Origin',(0.2,0.91,0.));
#4383=CARTESIAN_POINT('',(0.,0.91,0.));
#4384=CARTESIAN_POINT('',(0.2,0.91,0.145));
#4385=CARTESIAN_POINT('',(0.2,0.91,0.145));
#4386=CARTESIAN_POINT('',(0.2,0.91,0.));
#4387=CARTESIAN_POINT('Origin',(0.2,0.69,0.));
#4388=CARTESIAN_POINT('',(0.2,0.69,0.145));
#4389=CARTESIAN_POINT('',(0.2,0.69,0.145));
#4390=CARTESIAN_POINT('',(0.2,0.69,0.));
#4391=CARTESIAN_POINT('Origin',(0.,0.69,0.));
#4392=CARTESIAN_POINT('',(0.,0.69,0.145));
#4393=CARTESIAN_POINT('',(0.,0.69,0.));
#4394=CARTESIAN_POINT('Origin',(0.1,0.8,0.145));
#4395=CARTESIAN_POINT('Origin',(-2.8,0.41,0.));
#4396=CARTESIAN_POINT('',(-2.8,0.19,0.145));
#4397=CARTESIAN_POINT('',(-2.8,0.19,0.));
#4398=CARTESIAN_POINT('',(-2.8,0.41,0.145));
#4399=CARTESIAN_POINT('',(-2.8,0.19,0.145));
#4400=CARTESIAN_POINT('',(-2.8,0.41,0.));
#4401=CARTESIAN_POINT('Origin',(-2.6,0.41,0.));
#4402=CARTESIAN_POINT('',(-2.6,0.41,0.145));
#4403=CARTESIAN_POINT('',(-2.8,0.41,0.145));
#4404=CARTESIAN_POINT('',(-2.6,0.41,0.));
#4405=CARTESIAN_POINT('Origin',(-2.8,0.19,0.));
#4406=CARTESIAN_POINT('',(-2.6,0.19,0.145));
#4407=CARTESIAN_POINT('',(-2.6,0.19,0.));
#4408=CARTESIAN_POINT('',(-2.6,0.19,0.145));
#4409=CARTESIAN_POINT('Origin',(-2.7,0.3,0.145));
#4410=CARTESIAN_POINT('',(-2.6,1.23259516440783E-31,0.145));
#4411=CARTESIAN_POINT('Origin',(-2.8,1.41,0.));
#4412=CARTESIAN_POINT('',(-2.8,1.19,0.145));
#4413=CARTESIAN_POINT('',(-2.8,1.19,0.));
#4414=CARTESIAN_POINT('',(-2.8,1.41,0.145));
#4415=CARTESIAN_POINT('',(-2.8,1.19,0.145));
#4416=CARTESIAN_POINT('',(-2.8,1.41,0.));
#4417=CARTESIAN_POINT('Origin',(-2.6,1.41,0.));
#4418=CARTESIAN_POINT('',(-2.6,1.41,0.145));
#4419=CARTESIAN_POINT('',(-2.8,1.41,0.145));
#4420=CARTESIAN_POINT('',(-2.6,1.41,0.));
#4421=CARTESIAN_POINT('Origin',(-2.8,1.19,0.));
#4422=CARTESIAN_POINT('',(-2.6,1.19,0.145));
#4423=CARTESIAN_POINT('',(-2.6,1.19,0.));
#4424=CARTESIAN_POINT('',(-2.6,1.19,0.145));
#4425=CARTESIAN_POINT('Origin',(-2.7,1.3,0.145));
#4426=CARTESIAN_POINT('',(-2.6,1.23259516440783E-31,0.145));
#4427=CARTESIAN_POINT('Origin',(0.,0.,0.));
#4428=CARTESIAN_POINT('Origin',(-2.6,1.6,0.));
#4429=CARTESIAN_POINT('',(-2.6,1.23259516440783E-31,0.145));
#4430=CARTESIAN_POINT('Origin',(-2.6,1.6,0.));
#4431=CARTESIAN_POINT('',(-2.6,1.23259516440783E-31,0.145));
#4432=CARTESIAN_POINT('',(-2.6,1.23259516440783E-31,0.));
#4433=CARTESIAN_POINT('Origin',(-2.6,1.6,0.));
#4434=CARTESIAN_POINT('',(-2.6,1.23259516440783E-31,0.145));
#4435=CARTESIAN_POINT('Origin',(-2.6,1.6,0.));
#4436=CARTESIAN_POINT('',(-2.6,1.23259516440783E-31,0.145));
#4437=CARTESIAN_POINT('Origin',(-1.2,0.8,0.75));
#4438=CARTESIAN_POINT('Origin',(-0.1,0.1,0.75));
#4439=CARTESIAN_POINT('',(0.,0.,0.145));
#4440=CARTESIAN_POINT('Origin',(-2.3,0.0999999999999999,0.75));
#4441=CARTESIAN_POINT('Origin',(0.,0.,0.));
#4442=CARTESIAN_POINT('Origin',(-2.6,1.23259516440783E-31,0.));
#4443=UNCERTAINTY_MEASURE_WITH_UNIT(LENGTH_MEASURE(0.01),#4447,
'DISTANCE_ACCURACY_VALUE',
'Maximum model space distance between geometric entities at asserted c
onnectivities');
#4444=UNCERTAINTY_MEASURE_WITH_UNIT(LENGTH_MEASURE(1.E-6),#4447,
'DISTANCE_ACCURACY_VALUE',
'Maximum model space distance between geometric entities at asserted c
onnectivities');
#4445=(
GEOMETRIC_REPRESENTATION_CONTEXT(3)
GLOBAL_UNCERTAINTY_ASSIGNED_CONTEXT((#4443))
GLOBAL_UNIT_ASSIGNED_CONTEXT((#4447,#4450,#4448))
REPRESENTATION_CONTEXT('','3D')
);
#4446=(
GEOMETRIC_REPRESENTATION_CONTEXT(3)
GLOBAL_UNCERTAINTY_ASSIGNED_CONTEXT((#4444))
GLOBAL_UNIT_ASSIGNED_CONTEXT((#4447,#4450,#4448))
REPRESENTATION_CONTEXT('','3D')
);
#4447=(
LENGTH_UNIT()
NAMED_UNIT(*)
SI_UNIT(.MILLI.,.METRE.)
);
#4448=(
NAMED_UNIT(*)
SI_UNIT($,.STERADIAN.)
SOLID_ANGLE_UNIT()
);
#4449=DIMENSIONAL_EXPONENTS(0.,0.,0.,0.,0.,0.,0.);
#4450=(
CONVERSION_BASED_UNIT('degree',#4452)
NAMED_UNIT(#4449)
PLANE_ANGLE_UNIT()
);
#4451=(
NAMED_UNIT(*)
PLANE_ANGLE_UNIT()
SI_UNIT($,.RADIAN.)
);
#4452=PLANE_ANGLE_MEASURE_WITH_UNIT(PLANE_ANGLE_MEASURE(0.01745329252),
#4451);
#4453=SHAPE_DEFINITION_REPRESENTATION(#4454,#4455);
#4454=PRODUCT_DEFINITION_SHAPE('',$,#4457);
#4455=SHAPE_REPRESENTATION('',(#2573),#4445);
#4456=PRODUCT_DEFINITION_CONTEXT('part definition',#4461,'design');
#4457=PRODUCT_DEFINITION('bh1750','bh1750',#4458,#4456);
#4458=PRODUCT_DEFINITION_FORMATION('',$,#4463);
#4459=PRODUCT_RELATED_PRODUCT_CATEGORY('bh1750','bh1750',(#4463));
#4460=APPLICATION_PROTOCOL_DEFINITION('international standard',
'automotive_design',2009,#4461);
#4461=APPLICATION_CONTEXT(
'Core Data for Automotive Mechanical Design Process');
#4462=PRODUCT_CONTEXT('part definition',#4461,'mechanical');
#4463=PRODUCT('bh1750','bh1750',$,(#4462));
#4464=PRESENTATION_STYLE_ASSIGNMENT((#4469));
#4465=PRESENTATION_STYLE_ASSIGNMENT((#4470));
#4466=PRESENTATION_STYLE_ASSIGNMENT((#4471));
#4467=PRESENTATION_STYLE_ASSIGNMENT((#4472));
#4468=PRESENTATION_STYLE_ASSIGNMENT((#4473));
#4469=SURFACE_STYLE_USAGE(.BOTH.,#4474);
#4470=SURFACE_STYLE_USAGE(.BOTH.,#4475);
#4471=SURFACE_STYLE_USAGE(.BOTH.,#4476);
#4472=SURFACE_STYLE_USAGE(.BOTH.,#4477);
#4473=SURFACE_STYLE_USAGE(.BOTH.,#4478);
#4474=SURFACE_SIDE_STYLE('',(#4479));
#4475=SURFACE_SIDE_STYLE('',(#4480));
#4476=SURFACE_SIDE_STYLE('',(#4481));
#4477=SURFACE_SIDE_STYLE('',(#4482));
#4478=SURFACE_SIDE_STYLE('',(#4483));
#4479=SURFACE_STYLE_FILL_AREA(#4484);
#4480=SURFACE_STYLE_FILL_AREA(#4485);
#4481=SURFACE_STYLE_FILL_AREA(#4486);
#4482=SURFACE_STYLE_FILL_AREA(#4487);
#4483=SURFACE_STYLE_FILL_AREA(#4488);
#4484=FILL_AREA_STYLE('',(#4489));
#4485=FILL_AREA_STYLE('',(#4490));
#4486=FILL_AREA_STYLE('',(#4491));
#4487=FILL_AREA_STYLE('',(#4492));
#4488=FILL_AREA_STYLE('',(#4493));
#4489=FILL_AREA_STYLE_COLOUR('',#4494);
#4490=FILL_AREA_STYLE_COLOUR('',#4495);
#4491=FILL_AREA_STYLE_COLOUR('',#4496);
#4492=FILL_AREA_STYLE_COLOUR('',#4497);
#4493=FILL_AREA_STYLE_COLOUR('',#4498);
#4494=COLOUR_RGB('',0.749019607843137,0.749019607843137,0.749019607843137);
#4495=COLOUR_RGB('',0.,0.,0.);
#4496=COLOUR_RGB('',0.501960784313725,0.501960784313725,0.501960784313725);
#4497=COLOUR_RGB('',0.996078431372549,0.835294117647059,0.);
#4498=COLOUR_RGB('',0.0392156862745098,0.0392156862745098,0.0392156862745098);
ENDSEC;
END-ISO-10303-21;
